turboFFT, 1, 0,    0.002,    0.005,    0.016
turboFFT, 1, 1,    0.001,    0.013,    0.043
turboFFT, 1, 2,    0.001,    0.027,    0.086
turboFFT, 1, 3,    0.002,    0.053,    0.169
turboFFT, 1, 4,    0.002,    0.104,    0.333
turboFFT, 1, 5,    0.002,    0.212,    0.679
turboFFT, 1, 6,    0.002,    0.421,    1.347
turboFFT, 1, 7,    0.002,    0.844,    2.700
turboFFT, 1, 8,    0.002,    1.636,    5.235
turboFFT, 1, 9,    0.002,    3.299,   10.557
turboFFT, 1, 10,    0.016,    0.642,    2.055
turboFFT, 1, 11,    0.016,    1.262,    4.037
turboFFT, 1, 12,    0.016,    2.535,    8.112
turboFFT, 1, 13,    0.016,    5.077,   16.248
turboFFT, 1, 14,    0.017,    9.873,   31.593
turboFFT, 1, 15,    0.017,   19.696,   63.028
turboFFT, 1, 16,    0.017,   39.106,  125.140
turboFFT, 1, 17,    0.017,   76.906,  246.098
turboFFT, 1, 18,    0.017,  153.236,  490.355
turboFFT, 1, 19,    0.018,  291.686,  933.395
turboFFT, 1, 20,    0.036,  288.273,  922.474
turboFFT, 1, 21,    0.060,  350.741, 1122.372
turboFFT, 1, 22,    0.116,  360.752, 1154.406
turboFFT, 1, 23,    0.209,  401.994, 1286.379
turboFFT, 1, 24,    0.404,  415.064, 1328.204
turboFFT, 1, 25,    0.797,  420.882, 1346.821
turboFFT, 1, 26,    1.575,  426.120, 1363.586
turboFFT, 1, 27,    3.136,  427.944, 1369.422
turboFFT, 2, 0,    0.002,    0.025,    0.040
turboFFT, 2, 1,    0.001,    0.055,    0.088
turboFFT, 2, 2,    0.002,    0.103,    0.165
turboFFT, 2, 3,    0.002,    0.207,    0.331
turboFFT, 2, 4,    0.002,    0.417,    0.667
turboFFT, 2, 5,    0.002,    0.835,    1.336
turboFFT, 2, 6,    0.001,    1.713,    2.741
turboFFT, 2, 7,    0.001,    3.448,    5.517
turboFFT, 2, 8,    0.001,    6.957,   11.130
turboFFT, 2, 9,    0.002,   13.169,   21.070
turboFFT, 2, 10,    0.018,    2.248,    3.597
turboFFT, 2, 11,    0.018,    4.435,    7.096
turboFFT, 2, 12,    0.018,    8.943,   14.309
turboFFT, 2, 13,    0.018,   17.899,   28.638
turboFFT, 2, 14,    0.019,   34.420,   55.072
turboFFT, 2, 15,    0.019,   69.248,  110.796
turboFFT, 2, 16,    0.019,  137.750,  220.400
turboFFT, 2, 17,    0.020,  258.872,  414.195
turboFFT, 2, 18,    0.021,  502.500,  803.999
turboFFT, 2, 19,    0.039,  538.505,  861.607
turboFFT, 2, 20,    0.061,  687.898, 1100.636
turboFFT, 2, 21,    0.109,  772.921, 1236.674
turboFFT, 2, 22,    0.253,  663.925, 1062.279
turboFFT, 2, 23,    0.526,  638.022, 1020.835
turboFFT, 2, 24,    1.059,  633.830, 1014.127
turboFFT, 2, 25,    2.120,  633.216, 1013.146
turboFFT, 2, 26,    4.236,  633.663, 1013.860
turboFFT, 3, 0,    0.002,    0.078,    0.083
turboFFT, 3, 1,    0.002,    0.158,    0.168
turboFFT, 3, 2,    0.002,    0.311,    0.331
turboFFT, 3, 3,    0.002,    0.637,    0.679
turboFFT, 3, 4,    0.002,    1.271,    1.356
turboFFT, 3, 5,    0.002,    2.532,    2.700
turboFFT, 3, 6,    0.002,    5.117,    5.458
turboFFT, 3, 7,    0.002,   10.191,   10.870
turboFFT, 3, 8,    0.002,   20.426,   21.787
turboFFT, 3, 9,    0.023,    2.677,    2.856
turboFFT, 3, 10,    0.023,    5.244,    5.593
turboFFT, 3, 11,    0.023,   10.486,   11.185
turboFFT, 3, 12,    0.024,   20.844,   22.234
turboFFT, 3, 13,    0.024,   41.091,   43.831
turboFFT, 3, 14,    0.024,   81.844,   87.300
turboFFT, 3, 15,    0.025,  157.619,  168.127
turboFFT, 3, 16,    0.025,  311.483,  332.248
turboFFT, 3, 17,    0.027,  590.982,  630.381
turboFFT, 3, 18,    0.042,  743.995,  793.594
turboFFT, 3, 19,    0.065,  966.228, 1030.643
turboFFT, 3, 20,    0.116, 1082.464, 1154.629
turboFFT, 3, 21,    0.315,  798.197,  851.411
turboFFT, 3, 22,    0.684,  736.353,  785.443
turboFFT, 3, 23,    1.374,  732.421,  781.250
turboFFT, 3, 24,    2.765,  728.004,  776.538
turboFFT, 3, 25,    5.559,  724.354,  772.645
turboFFT, 4, 0,    0.002,    0.209,    0.167
turboFFT, 4, 1,    0.002,    0.418,    0.334
turboFFT, 4, 2,    0.002,    0.825,    0.660
turboFFT, 4, 3,    0.002,    1.670,    1.336
turboFFT, 4, 4,    0.002,    3.239,    2.591
turboFFT, 4, 5,    0.002,    6.751,    5.401
turboFFT, 4, 6,    0.001,   13.704,   10.964
turboFFT, 4, 7,    0.001,   28.009,   22.407
turboFFT, 4, 8,    0.025,    3.225,    2.580
turboFFT, 4, 9,    0.026,    6.375,    5.100
turboFFT, 4, 10,    0.026,   12.705,   10.164
turboFFT, 4, 11,    0.026,   25.394,   20.315
turboFFT, 4, 12,    0.026,   50.357,   40.285
turboFFT, 4, 13,    0.026,   99.502,   79.602
turboFFT, 4, 14,    0.027,  196.051,  156.841
turboFFT, 4, 15,    0.028,  370.721,  296.577
turboFFT, 4, 16,    0.030,  701.896,  561.517
turboFFT, 4, 17,    0.047,  890.798,  712.638
turboFFT, 4, 18,    0.067, 1257.044, 1005.635
turboFFT, 4, 19,    0.113, 1480.789, 1184.631
turboFFT, 4, 20,    0.227, 1476.098, 1180.879
turboFFT, 4, 21,    0.417, 1609.888, 1287.910
turboFFT, 4, 22,    0.818, 1641.304, 1313.044
turboFFT, 4, 23,    1.611, 1666.125, 1332.900
turboFFT, 4, 24,    3.201, 1677.398, 1341.918
turboFFT, 5, 0,    0.002,    0.532,    0.340
turboFFT, 5, 1,    0.002,    1.053,    0.674
turboFFT, 5, 2,    0.001,    2.208,    1.413
turboFFT, 5, 3,    0.001,    4.425,    2.832
turboFFT, 5, 4,    0.002,    8.368,    5.356
turboFFT, 5, 5,    0.002,   16.842,   10.779
turboFFT, 5, 6,    0.036,    1.409,    0.901
turboFFT, 5, 7,    0.037,    2.795,    1.788
turboFFT, 5, 8,    0.037,    5.578,    3.570
turboFFT, 5, 9,    0.037,   11.089,    7.097
turboFFT, 5, 10,    0.037,   21.955,   14.051
turboFFT, 5, 11,    0.037,   44.123,   28.239
turboFFT, 5, 12,    0.037,   87.574,   56.047
turboFFT, 5, 13,    0.038,  171.252,  109.601
turboFFT, 5, 14,    0.040,  330.269,  211.372
turboFFT, 5, 15,    0.052,  499.908,  319.941
turboFFT, 5, 16,    0.076,  690.230,  441.747
turboFFT, 5, 17,    0.114,  922.860,  590.631
turboFFT, 5, 18,    0.199, 1053.481,  674.228
turboFFT, 5, 19,    0.357, 1176.019,  752.652
turboFFT, 5, 20,    0.685, 1224.097,  783.422
turboFFT, 5, 21,    1.344, 1248.358,  798.949
turboFFT, 5, 22,    2.640, 1271.064,  813.481
turboFFT, 5, 23,    5.269, 1273.742,  815.195
turboFFT, 6, 0,    0.002,    1.240,    0.661
turboFFT, 6, 1,    0.001,    2.570,    1.370
turboFFT, 6, 2,    0.002,    5.074,    2.706
turboFFT, 6, 3,    0.001,   10.256,    5.470
turboFFT, 6, 4,    0.002,   20.426,   10.894
turboFFT, 6, 5,    0.001,   41.202,   21.974
turboFFT, 6, 6,    0.037,    3.296,    1.758
turboFFT, 6, 7,    0.038,    6.543,    3.490
turboFFT, 6, 8,    0.038,   13.052,    6.961
turboFFT, 6, 9,    0.038,   26.063,   13.900
turboFFT, 6, 10,    0.038,   51.333,   27.377
turboFFT, 6, 11,    0.038,  102.315,   54.568
turboFFT, 6, 12,    0.039,  203.343,  108.449
turboFFT, 6, 13,    0.039,  400.456,  213.577
turboFFT, 6, 14,    0.039,  800.195,  426.771
turboFFT, 6, 15,    0.065,  973.885,  519.406
turboFFT, 6, 16,    0.088, 1429.460,  762.379
turboFFT, 6, 17,    0.131, 1918.033, 1022.951
turboFFT, 6, 18,    0.234, 2148.487, 1145.859
turboFFT, 6, 19,    0.434, 2321.399, 1238.080
turboFFT, 6, 20,    0.837, 2404.752, 1282.534
turboFFT, 6, 21,    1.639, 2456.478, 1310.121
turboFFT, 6, 22,    3.242, 2484.296, 1324.958
turboFFT, 7, 0,    0.002,    2.881,    1.317
turboFFT, 7, 1,    0.002,    5.920,    2.706
turboFFT, 7, 2,    0.001,   11.991,    5.482
turboFFT, 7, 3,    0.002,   23.629,   10.802
turboFFT, 7, 4,    0.001,   48.069,   21.974
turboFFT, 7, 5,    0.001,   95.931,   43.854
turboFFT, 7, 6,    0.002,  191.045,   87.335
turboFFT, 7, 7,    0.048,   11.898,    5.439
turboFFT, 7, 8,    0.049,   23.574,   10.777
turboFFT, 7, 9,    0.049,   46.991,   21.482
turboFFT, 7, 10,    0.049,   94.167,   43.048
turboFFT, 7, 11,    0.049,  187.154,   85.556
turboFFT, 7, 12,    0.049,  371.255,  169.716
turboFFT, 7, 13,    0.050,  741.357,  338.906
turboFFT, 7, 14,    0.087,  841.901,  384.869
turboFFT, 7, 15,    0.097, 1514.983,  692.564
turboFFT, 7, 16,    0.137, 2148.269,  982.066
turboFFT, 7, 17,    0.241, 2435.507, 1113.375
turboFFT, 7, 18,    0.445, 2637.358, 1205.650
turboFFT, 7, 19,    0.860, 2732.547, 1249.165
turboFFT, 7, 20,    1.676, 2802.957, 1281.352
turboFFT, 7, 21,    3.313, 2835.793, 1296.363
turboFFT, 8, 0,    0.002,    6.667,    2.667
turboFFT, 8, 1,    0.002,   13.008,    5.203
turboFFT, 8, 2,    0.001,   28.444,   11.378
turboFFT, 8, 3,    0.002,   54.584,   21.834
turboFFT, 8, 4,    0.002,  106.667,   42.667
turboFFT, 8, 5,    0.002,  215.579,   86.232
turboFFT, 8, 6,    0.002,  423.141,  169.256
turboFFT, 8, 7,    0.078,   16.850,    6.740
turboFFT, 8, 8,    0.078,   33.605,   13.442
turboFFT, 8, 9,    0.078,   67.093,   26.837
turboFFT, 8, 10,    0.078,  133.845,   53.538
turboFFT, 8, 11,    0.079,  266.493,  106.597
turboFFT, 8, 12,    0.079,  529.648,  211.859
turboFFT, 8, 13,    0.096,  878.381,  351.352
turboFFT, 8, 14,    0.148, 1135.437,  454.175
turboFFT, 8, 15,    0.156, 2151.719,  860.688
turboFFT, 8, 16,    0.253, 2656.540, 1062.616
turboFFT, 8, 17,    0.493, 2723.273, 1089.309
turboFFT, 8, 18,    0.893, 3004.419, 1201.768
turboFFT, 8, 19,    1.719, 3123.568, 1249.427
turboFFT, 8, 20,    3.385, 3172.513, 1269.005
turboFFT, 9, 0,    0.002,   14.907,    5.300
turboFFT, 9, 1,    0.002,   30.380,   10.802
turboFFT, 9, 2,    0.002,   59.875,   21.289
turboFFT, 9, 3,    0.002,  122.293,   43.482
turboFFT, 9, 4,    0.002,  242.526,   86.232
turboFFT, 9, 5,    0.052,   14.247,    5.066
turboFFT, 9, 6,    0.052,   28.284,   10.056
turboFFT, 9, 7,    0.052,   56.436,   20.066
turboFFT, 9, 8,    0.052,  112.907,   40.145
turboFFT, 9, 9,    0.053,  222.905,   79.255
turboFFT, 9, 10,    0.054,  439.616,  156.308
turboFFT, 9, 11,    0.053,  885.037,  314.680
turboFFT, 9, 12,    0.095,  993.538,  353.258
turboFFT, 9, 13,    0.104, 1820.613,  647.329
turboFFT, 9, 14,    0.142, 2652.742,  943.197
turboFFT, 9, 15,    0.248, 3046.218, 1083.100
turboFFT, 9, 16,    0.438, 3444.730, 1224.793
turboFFT, 9, 17,    0.847, 3565.534, 1267.745
turboFFT, 9, 18,    1.637, 3689.102, 1311.681
turboFFT, 9, 19,    3.232, 3737.558, 1328.909
turboFFT, 10, 0,    0.002,   32.854,   10.513
turboFFT, 10, 1,    0.001,   68.817,   22.022
turboFFT, 10, 2,    0.002,  135.881,   43.482
turboFFT, 10, 3,    0.001,  274.678,   87.897
turboFFT, 10, 4,    0.002,  543.524,  173.928
turboFFT, 10, 5,    0.099,   16.565,    5.301
turboFFT, 10, 6,    0.100,   32.759,   10.483
turboFFT, 10, 7,    0.101,   64.979,   20.793
turboFFT, 10, 8,    0.101,  130.131,   41.642
turboFFT, 10, 9,    0.101,  259.676,   83.096
turboFFT, 10, 10,    0.101,  518.104,  165.793
turboFFT, 10, 11,    0.117,  897.311,  287.139
turboFFT, 10, 12,    0.131, 1599.649,  511.888
turboFFT, 10, 13,    0.193, 2177.999,  696.960
turboFFT, 10, 14,    0.286, 2935.445,  939.342
turboFFT, 10, 15,    0.466, 3600.582, 1152.186
turboFFT, 10, 16,    0.891, 3765.138, 1204.844
turboFFT, 10, 17,    1.725, 3890.632, 1245.002
turboFFT, 10, 18,    3.362, 3992.381, 1277.562
turboFFT, 11, 0,    0.002,   73.333,   21.333
turboFFT, 11, 1,    0.002,  148.211,   43.116
turboFFT, 11, 2,    0.001,  301.499,   87.709
turboFFT, 11, 3,    0.002,  600.426,  174.669
turboFFT, 11, 4,    0.001, 1208.584,  351.588
turboFFT, 11, 5,    0.105,   34.333,    9.988
turboFFT, 11, 6,    0.105,   68.370,   19.890
turboFFT, 11, 7,    0.106,  136.356,   39.667
turboFFT, 11, 8,    0.106,  272.596,   79.301
turboFFT, 11, 9,    0.107,  541.181,  157.434
turboFFT, 11, 10,    0.122,  945.983,  275.195
turboFFT, 11, 11,    0.129, 1782.940,  518.673
turboFFT, 11, 12,    0.200, 2302.704,  669.877
turboFFT, 11, 13,    0.283, 3257.477,  947.630
turboFFT, 11, 14,    0.459, 4021.903, 1170.008
turboFFT, 11, 15,    0.876, 4214.226, 1225.957
turboFFT, 11, 16,    1.650, 4474.402, 1301.644
turboFFT, 11, 17,    3.301, 4472.372, 1301.054
turboFFT, 12, 0,    0.002,  159.667,   42.578
turboFFT, 12, 1,    0.002,  326.115,   86.964
turboFFT, 12, 2,    0.002,  652.229,  173.928
turboFFT, 12, 3,    0.002, 1307.234,  348.596
turboFFT, 12, 4,    0.002, 2620.042,  698.678
turboFFT, 12, 5,    0.205,   38.431,   10.248
turboFFT, 12, 6,    0.207,   76.021,   20.272
turboFFT, 12, 7,    0.207,  151.671,   40.446
turboFFT, 12, 8,    0.207,  303.721,   80.992
turboFFT, 12, 9,    0.221,  568.346,  151.559
turboFFT, 12, 10,    0.227, 1108.041,  295.478
turboFFT, 12, 11,    0.233, 2163.886,  577.036
turboFFT, 12, 12,    0.401, 2511.058,  669.615
turboFFT, 12, 13,    0.581, 3464.783,  923.942
turboFFT, 12, 14,    0.951, 4235.358, 1129.429
turboFFT, 12, 15,    1.831, 4399.127, 1173.101
turboFFT, 12, 16,    3.527, 4566.712, 1217.790
turboFFT, 13, 0,    0.002,  342.387,   84.280
turboFFT, 13, 1,    0.002,  708.085,  174.298
turboFFT, 13, 2,    0.002, 1419.190,  349.339
turboFFT, 13, 3,    0.002, 2832.340,  697.191
turboFFT, 13, 4,    0.002, 5628.753, 1385.539
turboFFT, 13, 5,    0.494,   34.525,    8.498
turboFFT, 13, 6,    0.494,   68.965,   16.976
turboFFT, 13, 7,    0.495,  137.679,   33.890
turboFFT, 13, 8,    0.507,  268.900,   66.191
turboFFT, 13, 9,    0.512,  532.267,  131.020
turboFFT, 13, 10,    0.517, 1053.985,  259.443
turboFFT, 13, 11,    0.535, 2039.396,  502.005
turboFFT, 13, 12,    0.975, 2237.583,  550.790
turboFFT, 13, 13,    1.429, 3052.356,  751.349
turboFFT, 13, 14,    2.353, 3708.360,  912.827
turboFFT, 13, 15,    4.757, 3667.603,  902.794
turboFFT, 14, 0,    0.002,  740.496,  169.256
turboFFT, 14, 1,    0.001, 1565.065,  357.729
turboFFT, 14, 2,    0.001, 3178.714,  726.563
turboFFT, 14, 3,    0.002, 5887.474, 1345.708
turboFFT, 14, 4,    0.002, 12174.946, 2782.845
turboFFT, 14, 5,    1.000,   36.717,    8.393
turboFFT, 14, 6,    1.001,   73.311,   16.757
turboFFT, 14, 7,    1.012,  145.002,   33.143
turboFFT, 14, 8,    1.018,  288.275,   65.891
turboFFT, 14, 9,    1.026,  572.394,  130.833
turboFFT, 14, 10,    1.059, 1108.940,  253.472
turboFFT, 14, 11,    1.165, 2015.573,  460.702
turboFFT, 14, 12,    2.133, 2202.134,  503.345
turboFFT, 14, 13,    3.266, 2877.062,  657.614
turboFFT, 14, 14,    5.663, 3318.031,  758.407
turboFFT, 15, 0,    0.002, 1192.547,  254.410
turboFFT, 15, 1,    0.097,   50.795,   10.836
turboFFT, 15, 2,    0.316,   31.143,    6.644
turboFFT, 15, 3,    0.318,   61.862,   13.197
turboFFT, 15, 4,    0.319,  123.356,   26.316
turboFFT, 15, 5,    0.325,  241.721,   51.567
turboFFT, 15, 6,    0.351,  448.598,   95.701
turboFFT, 15, 7,    0.357,  882.236,  188.210
turboFFT, 15, 8,    0.441, 1425.367,  304.078
turboFFT, 15, 9,    0.678, 1854.976,  395.728
turboFFT, 15, 10,    1.059, 2376.674,  507.024
turboFFT, 15, 11,    1.875, 2684.636,  572.722
turboFFT, 15, 12,    3.685, 2731.475,  582.715
turboFFT, 15, 13,    7.356, 2736.808,  583.852
turboFFT, 16, 0,    0.191,   27.466,    5.493
turboFFT, 16, 1,    0.196,   53.472,   10.694
turboFFT, 16, 2,    0.196,  106.996,   21.399
turboFFT, 16, 3,    0.196,  214.051,   42.810
turboFFT, 16, 4,    0.211,  397.598,   79.520
turboFFT, 16, 5,    0.236,  711.439,  142.288
turboFFT, 16, 6,    0.247, 1361.009,  272.202
turboFFT, 16, 7,    0.369, 1819.481,  363.896
turboFFT, 16, 8,    0.533, 2519.026,  503.805
turboFFT, 16, 9,    1.204, 2229.572,  445.914
turboFFT, 16, 10,    2.342, 2292.765,  458.553
turboFFT, 16, 11,    4.449, 2413.243,  482.649
turboFFT, 16, 12,    8.825, 2433.433,  486.687
turboFFT, 17, 0,    0.304,   36.650,    6.899
turboFFT, 17, 1,    0.304,   73.177,   13.775
turboFFT, 17, 2,    0.304,  146.623,   27.600
turboFFT, 17, 3,    0.317,  281.148,   52.922
turboFFT, 17, 4,    0.343,  519.225,   97.737
turboFFT, 17, 5,    0.353, 1010.642,  190.239
turboFFT, 17, 6,    0.442, 1611.712,  303.381
turboFFT, 17, 7,    0.723, 1971.731,  371.149
turboFFT, 17, 8,    1.218, 2342.565,  440.953
turboFFT, 17, 9,    2.393, 2383.411,  448.642
turboFFT, 17, 10,    4.505, 2532.249,  476.659
turboFFT, 17, 11,    8.665, 2633.298,  495.680
turboFFT, 18, 0,    0.409,   57.630,   10.245
turboFFT, 18, 1,    0.407,  116.015,   20.625
turboFFT, 18, 2,    0.424,  222.525,   39.560
turboFFT, 18, 3,    0.451,  418.567,   74.412
turboFFT, 18, 4,    0.459,  822.335,  146.193
turboFFT, 18, 5,    0.488, 1547.008,  275.024
turboFFT, 18, 6,    0.852, 1773.267,  315.247
turboFFT, 18, 7,    1.208, 2499.896,  444.426
turboFFT, 18, 8,    2.490, 2425.606,  431.219
turboFFT, 18, 9,    4.654, 2595.699,  461.458
turboFFT, 18, 10,    8.884, 2719.511,  483.469
turboFFT, 19, 0,    0.599,   83.182,   14.010
turboFFT, 19, 1,    0.606,  164.299,   27.671
turboFFT, 19, 2,    0.630,  316.314,   53.274
turboFFT, 19, 3,    0.638,  624.503,  105.179
turboFFT, 19, 4,    0.651, 1224.833,  206.288
turboFFT, 19, 5,    0.818, 1947.479,  327.996
turboFFT, 19, 6,    1.450, 2198.050,  370.198
turboFFT, 19, 7,    2.381, 2677.193,  450.896
turboFFT, 19, 8,    4.335, 2941.366,  495.388
turboFFT, 19, 9,    8.488, 3004.456,  506.014
turboFFT, 20, 0,    0.826,  126.974,   20.316
turboFFT, 20, 1,    0.841,  249.272,   39.883
turboFFT, 20, 2,    0.845,  496.389,   79.422
turboFFT, 20, 3,    0.859,  976.935,  156.310
turboFFT, 20, 4,    0.914, 1834.869,  293.579
turboFFT, 20, 5,    1.710, 1962.108,  313.937
turboFFT, 20, 6,    2.487, 2697.905,  431.665
turboFFT, 20, 7,    4.627, 2900.824,  464.132
turboFFT, 20, 8,    9.019, 2976.249,  476.200
turboFFT, 21, 0,    0.822,  267.808,   40.809
turboFFT, 21, 1,    0.829,  531.180,   80.942
turboFFT, 21, 2,    0.844, 1043.468,  159.005
turboFFT, 21, 3,    0.892, 1974.712,  300.909
turboFFT, 21, 4,    1.660, 2122.509,  323.430
turboFFT, 21, 5,    2.861, 2463.222,  375.348
turboFFT, 21, 6,    5.913, 2383.358,  363.178
turboFFT, 21, 7,   10.804, 2608.877,  397.543
turboFFT, 22, 0,    1.049,  439.734,   63.961
turboFFT, 22, 1,    1.070,  862.311,  125.427
turboFFT, 22, 2,    1.138, 1622.192,  235.955
turboFFT, 22, 3,    2.244, 1644.811,  239.245
turboFFT, 22, 4,    3.459, 2133.890,  310.384
turboFFT, 22, 5,    6.047, 2441.531,  355.132
turboFFT, 22, 6,   12.427, 2376.140,  345.620
turboFFT, 23, 0,    0.595, 1621.314,  225.574
turboFFT, 23, 1,    0.941, 2049.476,  285.144
turboFFT, 23, 2,    1.926, 2003.297,  278.720
turboFFT, 23, 3,    3.825, 2017.844,  280.743
turboFFT, 23, 4,    7.557, 2042.609,  284.189
turboFFT, 23, 5,   15.018, 2055.550,  285.990
turboFFT, 24, 0,    0.937, 2149.595,  286.613
turboFFT, 24, 1,    1.981, 2032.318,  270.976
turboFFT, 24, 2,    3.998, 2014.381,  268.584
turboFFT, 24, 3,    7.825, 2058.290,  274.439
turboFFT, 24, 4,   15.626, 2061.409,  274.855
turboFFT, 25, 0,    2.017, 2079.264,  266.146
turboFFT, 25, 1,    4.026, 2083.734,  266.718
turboFFT, 25, 2,    7.847, 2138.134,  273.681
turboFFT, 25, 3,   15.484, 2167.096,  277.388
