turboFFT, 1, 0,    0.002,    0.006,    0.036
turboFFT, 1, 1,    0.002,    0.013,    0.084
turboFFT, 1, 2,    0.002,    0.027,    0.170
turboFFT, 1, 3,    0.001,    0.054,    0.343
turboFFT, 1, 4,    0.002,    0.105,    0.671
turboFFT, 1, 5,    0.001,    0.214,    1.368
turboFFT, 1, 6,    0.002,    0.425,    2.718
turboFFT, 1, 7,    0.001,    0.858,    5.494
turboFFT, 1, 8,    0.002,    1.684,   10.779
turboFFT, 1, 9,    0.001,    3.419,   21.880
turboFFT, 1, 10,    0.020,    0.523,    3.349
turboFFT, 1, 11,    0.020,    1.036,    6.628
turboFFT, 1, 12,    0.020,    2.055,   13.151
turboFFT, 1, 13,    0.020,    4.107,   26.282
turboFFT, 1, 14,    0.020,    8.041,   51.465
turboFFT, 1, 15,    0.021,   15.980,  102.272
turboFFT, 1, 16,    0.021,   31.649,  202.553
turboFFT, 1, 17,    0.021,   62.449,  399.671
turboFFT, 1, 18,    0.022,  121.579,  778.106
turboFFT, 1, 19,    0.039,  132.998,  851.186
turboFFT, 1, 20,    0.062,  168.076, 1075.683
turboFFT, 1, 21,    0.111,  188.821, 1208.454
turboFFT, 1, 22,    0.248,  169.440, 1084.416
turboFFT, 1, 23,    0.443,  189.298, 1211.509
turboFFT, 1, 24,    0.867,  193.603, 1239.058
turboFFT, 1, 25,    1.714,  195.777, 1252.975
turboFFT, 1, 26,    3.417,  196.421, 1257.094
turboFFT, 1, 27,    6.821,  196.768, 1259.315
turboFFT, 2, 0,    0.002,    0.024,    0.076
turboFFT, 2, 1,    0.002,    0.052,    0.167
turboFFT, 2, 2,    0.002,    0.106,    0.340
turboFFT, 2, 3,    0.001,    0.215,    0.688
turboFFT, 2, 4,    0.002,    0.426,    1.362
turboFFT, 2, 5,    0.001,    0.855,    2.735
turboFFT, 2, 6,    0.002,    1.660,    5.311
turboFFT, 2, 7,    0.002,    3.397,   10.870
turboFFT, 2, 8,    0.001,    6.838,   21.880
turboFFT, 2, 9,    0.002,   13.646,   43.667
turboFFT, 2, 10,    0.023,    1.808,    5.786
turboFFT, 2, 11,    0.023,    3.555,   11.375
turboFFT, 2, 12,    0.023,    7.131,   22.819
turboFFT, 2, 13,    0.023,   14.260,   45.632
turboFFT, 2, 14,    0.023,   27.948,   89.432
turboFFT, 2, 15,    0.024,   54.708,  175.066
turboFFT, 2, 16,    0.024,  110.004,  352.013
turboFFT, 2, 17,    0.026,  201.749,  645.595
turboFFT, 2, 18,    0.043,  244.866,  783.572
turboFFT, 2, 19,    0.063,  335.000, 1071.999
turboFFT, 2, 20,    0.112,  373.637, 1195.640
turboFFT, 2, 21,    0.237,  354.512, 1134.439
turboFFT, 2, 22,    0.480,  349.497, 1118.391
turboFFT, 2, 23,    0.953,  352.005, 1126.415
turboFFT, 2, 24,    1.913,  350.809, 1122.590
turboFFT, 2, 25,    3.816,  351.747, 1125.592
turboFFT, 2, 26,    7.660,  350.435, 1121.393
turboFFT, 3, 0,    0.002,    0.078,    0.166
turboFFT, 3, 1,    0.002,    0.159,    0.340
turboFFT, 3, 2,    0.001,    0.323,    0.688
turboFFT, 3, 3,    0.001,    0.641,    1.368
turboFFT, 3, 4,    0.001,    1.299,    2.771
turboFFT, 3, 5,    0.001,    2.570,    5.482
turboFFT, 3, 6,    0.001,    5.150,   10.987
turboFFT, 3, 7,    0.001,   10.278,   21.927
turboFFT, 3, 8,    0.001,   20.734,   44.233
turboFFT, 3, 9,    0.030,    2.051,    4.376
turboFFT, 3, 10,    0.030,    4.060,    8.661
turboFFT, 3, 11,    0.030,    8.091,   17.261
turboFFT, 3, 12,    0.030,   16.165,   34.485
turboFFT, 3, 13,    0.031,   31.732,   67.695
turboFFT, 3, 14,    0.031,   63.054,  134.516
turboFFT, 3, 15,    0.031,  125.107,  266.895
turboFFT, 3, 16,    0.037,  211.972,  452.206
turboFFT, 3, 17,    0.052,  302.306,  644.920
turboFFT, 3, 18,    0.067,  467.069,  996.414
turboFFT, 3, 19,    0.117,  539.717, 1151.396
turboFFT, 3, 20,    0.224,  560.952, 1196.697
turboFFT, 3, 21,    0.442,  569.787, 1215.547
turboFFT, 3, 22,    0.854,  589.088, 1256.720
turboFFT, 3, 23,    1.695,  593.938, 1267.068
turboFFT, 3, 24,    3.361,  599.011, 1277.890
turboFFT, 3, 25,    6.708,  600.248, 1280.528
turboFFT, 4, 0,    0.002,    0.204,    0.326
turboFFT, 4, 1,    0.001,    0.427,    0.684
turboFFT, 4, 2,    0.001,    0.860,    1.376
turboFFT, 4, 3,    0.002,    1.643,    2.628
turboFFT, 4, 4,    0.001,    3.463,    5.541
turboFFT, 4, 5,    0.001,    6.838,   10.940
turboFFT, 4, 6,    0.001,   13.763,   22.022
turboFFT, 4, 7,    0.001,   27.468,   43.948
turboFFT, 4, 8,    0.001,   54.818,   87.709
turboFFT, 4, 9,    0.037,    4.430,    7.088
turboFFT, 4, 10,    0.037,    8.889,   14.222
turboFFT, 4, 11,    0.037,   17.672,   28.275
turboFFT, 4, 12,    0.038,   34.162,   54.659
turboFFT, 4, 13,    0.038,   68.713,  109.941
turboFFT, 4, 14,    0.038,  137.901,  220.641
turboFFT, 4, 15,    0.047,  224.269,  358.831
turboFFT, 4, 16,    0.060,  350.179,  560.286
turboFFT, 4, 17,    0.080,  524.771,  839.633
turboFFT, 4, 18,    0.133,  631.779, 1010.846
turboFFT, 4, 19,    0.232,  723.705, 1157.928
turboFFT, 4, 20,    0.469,  716.138, 1145.820
turboFFT, 4, 21,    0.884,  759.101, 1214.561
turboFFT, 4, 22,    1.734,  774.190, 1238.703
turboFFT, 4, 23,    3.437,  781.115, 1249.785
turboFFT, 4, 24,    6.881,  780.218, 1248.349
turboFFT, 5, 0,    0.002,    0.513,    0.657
turboFFT, 5, 1,    0.001,    1.080,    1.382
turboFFT, 5, 2,    0.002,    2.105,    2.695
turboFFT, 5, 3,    0.001,    4.301,    5.505
turboFFT, 5, 4,    0.001,    8.565,   10.964
turboFFT, 5, 5,    0.001,   17.241,   22.069
turboFFT, 5, 6,    0.001,   34.335,   43.948
turboFFT, 5, 7,    0.002,   65.173,   83.422
turboFFT, 5, 8,    0.045,    4.511,    5.775
turboFFT, 5, 9,    0.045,    9.040,   11.571
turboFFT, 5, 10,    0.045,   18.021,   23.066
turboFFT, 5, 11,    0.046,   35.993,   46.071
turboFFT, 5, 12,    0.046,   71.468,   91.480
turboFFT, 5, 13,    0.046,  141.868,  181.590
turboFFT, 5, 14,    0.046,  281.919,  360.856
turboFFT, 5, 15,    0.064,  406.692,  520.566
turboFFT, 5, 16,    0.076,  689.591,  882.677
turboFFT, 5, 17,    0.117,  897.926, 1149.345
turboFFT, 5, 18,    0.228,  919.868, 1177.431
turboFFT, 5, 19,    0.433,  968.135, 1239.213
turboFFT, 5, 20,    0.866,  968.697, 1239.932
turboFFT, 5, 21,    1.685,  995.460, 1274.189
turboFFT, 5, 22,    3.346, 1002.935, 1283.757
turboFFT, 5, 23,    6.662, 1007.375, 1289.440
turboFFT, 6, 0,    0.002,    1.230,    1.311
turboFFT, 6, 1,    0.002,    2.548,    2.718
turboFFT, 6, 2,    0.002,    5.096,    5.435
turboFFT, 6, 3,    0.002,   10.084,   10.756
turboFFT, 6, 4,    0.001,   20.513,   21.880
turboFFT, 6, 5,    0.040,    1.553,    1.656
turboFFT, 6, 6,    0.040,    3.071,    3.276
turboFFT, 6, 7,    0.040,    6.121,    6.529
turboFFT, 6, 8,    0.040,   12.214,   13.028
turboFFT, 6, 9,    0.041,   24.206,   25.820
turboFFT, 6, 10,    0.041,   48.132,   51.340
turboFFT, 6, 11,    0.041,   95.612,  101.986
turboFFT, 6, 12,    0.041,  191.208,  203.955
turboFFT, 6, 13,    0.041,  380.051,  405.388
turboFFT, 6, 14,    0.066,  478.039,  509.909
turboFFT, 6, 15,    0.088,  712.012,  759.480
turboFFT, 6, 16,    0.131,  958.760, 1022.677
turboFFT, 6, 17,    0.240, 1049.780, 1119.765
turboFFT, 6, 18,    0.446, 1128.634, 1203.876
turboFFT, 6, 19,    0.867, 1160.815, 1238.203
turboFFT, 6, 20,    1.697, 1186.109, 1265.183
turboFFT, 6, 21,    3.364, 1196.975, 1276.773
turboFFT, 6, 22,    6.797, 1184.801, 1263.788
turboFFT, 7, 0,    0.002,    2.905,    2.656
turboFFT, 7, 1,    0.002,    5.932,    5.424
turboFFT, 7, 2,    0.001,   12.043,   11.011
turboFFT, 7, 3,    0.001,   23.932,   21.880
turboFFT, 7, 4,    0.001,   48.276,   44.138
turboFFT, 7, 5,    0.052,    2.767,    2.530
turboFFT, 7, 6,    0.052,    5.467,    4.999
turboFFT, 7, 7,    0.052,   10.982,   10.041
turboFFT, 7, 8,    0.052,   22.074,   20.182
turboFFT, 7, 9,    0.052,   43.715,   39.968
turboFFT, 7, 10,    0.053,   86.827,   79.385
turboFFT, 7, 11,    0.053,  173.517,  158.644
turboFFT, 7, 12,    0.053,  343.398,  313.964
turboFFT, 7, 13,    0.069,  531.849,  486.262
turboFFT, 7, 14,    0.095,  768.815,  702.917
turboFFT, 7, 15,    0.132, 1110.887, 1015.668
turboFFT, 7, 16,    0.228, 1288.774, 1178.308
turboFFT, 7, 17,    0.437, 1343.679, 1228.506
turboFFT, 7, 18,    0.848, 1384.687, 1266.000
turboFFT, 7, 19,    1.660, 1415.069, 1293.777
turboFFT, 7, 20,    3.279, 1432.653, 1309.854
turboFFT, 7, 21,    6.533, 1438.017, 1314.759
turboFFT, 8, 0,    0.002,    6.625,    5.300
turboFFT, 8, 1,    0.002,   13.559,   10.847
turboFFT, 8, 2,    0.001,   27.468,   21.974
turboFFT, 8, 3,    0.001,   54.818,   43.854
turboFFT, 8, 4,    0.001,  110.108,   88.086
turboFFT, 8, 5,    0.075,    4.367,    3.493
turboFFT, 8, 6,    0.075,    8.695,    6.956
turboFFT, 8, 7,    0.076,   17.331,   13.865
turboFFT, 8, 8,    0.076,   34.650,   27.720
turboFFT, 8, 9,    0.076,   69.102,   55.281
turboFFT, 8, 10,    0.076,  137.640,  110.112
turboFFT, 8, 11,    0.076,  274.876,  219.901
turboFFT, 8, 12,    0.091,  460.823,  368.659
turboFFT, 8, 13,    0.099,  850.316,  680.253
turboFFT, 8, 14,    0.146, 1148.193,  918.555
turboFFT, 8, 15,    0.242, 1388.364, 1110.691
turboFFT, 8, 16,    0.436, 1540.099, 1232.079
turboFFT, 8, 17,    0.847, 1584.275, 1267.420
turboFFT, 8, 18,    1.664, 1613.032, 1290.426
turboFFT, 8, 19,    3.282, 1636.051, 1308.841
turboFFT, 8, 20,    6.531, 1643.986, 1315.189
turboFFT, 9, 0,    0.002,   14.516,   10.323
turboFFT, 9, 1,    0.001,   30.835,   21.927
turboFFT, 9, 2,    0.002,   61.407,   43.667
turboFFT, 9, 3,    0.001,  123.077,   87.521
turboFFT, 9, 4,    0.002,  239.501,  170.312
turboFFT, 9, 5,    0.056,   13.188,    9.378
turboFFT, 9, 6,    0.056,   26.490,   18.838
turboFFT, 9, 7,    0.057,   52.130,   37.070
turboFFT, 9, 8,    0.057,  103.162,   73.360
turboFFT, 9, 9,    0.057,  206.094,  146.556
turboFFT, 9, 10,    0.057,  411.084,  292.327
turboFFT, 9, 11,    0.072,  654.865,  465.682
turboFFT, 9, 12,    0.087, 1081.095,  768.779
turboFFT, 9, 13,    0.134, 1411.231, 1003.542
turboFFT, 9, 14,    0.233, 1620.373, 1152.266
turboFFT, 9, 15,    0.433, 1742.129, 1238.847
turboFFT, 9, 16,    0.855, 1764.995, 1255.108
turboFFT, 9, 17,    1.670, 1808.617, 1286.128
turboFFT, 9, 18,    3.307, 1826.149, 1298.595
turboFFT, 9, 19,    6.567, 1839.306, 1307.951
turboFFT, 10, 0,    0.002,   32.990,   21.113
turboFFT, 10, 1,    0.001,   68.522,   43.854
turboFFT, 10, 2,    0.002,  135.307,   86.596
turboFFT, 10, 3,    0.001,  274.090,  175.418
turboFFT, 10, 4,    0.002,  544.681,  348.596
turboFFT, 10, 5,    0.084,   19.489,   12.473
turboFFT, 10, 6,    0.087,   37.548,   24.031
turboFFT, 10, 7,    0.087,   75.131,   48.084
turboFFT, 10, 8,    0.087,  151.317,   96.843
turboFFT, 10, 9,    0.087,  302.612,  193.671
turboFFT, 10, 10,    0.100,  524.624,  335.759
turboFFT, 10, 11,    0.107,  982.608,  628.869
turboFFT, 10, 12,    0.149, 1410.438,  902.680
turboFFT, 10, 13,    0.242, 1731.352, 1108.065
turboFFT, 10, 14,    0.465, 1804.853, 1155.106
turboFFT, 10, 15,    0.872, 1924.423, 1231.631
turboFFT, 10, 16,    1.690, 1984.887, 1270.328
turboFFT, 10, 17,    3.321, 2020.664, 1293.225
turboFFT, 10, 18,    6.574, 2041.598, 1306.623
turboFFT, 11, 0,    0.002,   72.131,   41.967
turboFFT, 11, 1,    0.002,  149.469,   86.964
turboFFT, 11, 2,    0.001,  300.855,  175.043
turboFFT, 11, 3,    0.002,  597.877,  347.856
turboFFT, 11, 4,    0.002, 1200.853,  698.678
turboFFT, 11, 5,    0.141,   25.577,   14.881
turboFFT, 11, 6,    0.141,   51.051,   29.703
turboFFT, 11, 7,    0.142,  101.773,   59.213
turboFFT, 11, 8,    0.142,  203.271,  118.267
turboFFT, 11, 9,    0.156,  369.213,  214.815
turboFFT, 11, 10,    0.163,  709.069,  412.549
turboFFT, 11, 11,    0.171, 1347.192,  783.821
turboFFT, 11, 12,    0.276, 1673.564,  973.710
turboFFT, 11, 13,    0.483, 1912.102, 1112.496
turboFFT, 11, 14,    0.907, 2034.282, 1183.582
turboFFT, 11, 15,    1.698, 2173.730, 1264.716
turboFFT, 11, 16,    3.338, 2211.721, 1286.819
turboFFT, 11, 17,    6.626, 2228.143, 1296.374
turboFFT, 12, 0,    0.002,  159.336,   84.979
turboFFT, 12, 1,    0.001,  328.908,  175.418
turboFFT, 12, 2,    0.001,  660.645,  352.344
turboFFT, 12, 3,    0.002, 1310.021,  698.678
turboFFT, 12, 4,    0.001, 2636.910, 1406.352
turboFFT, 12, 5,    0.263,   29.916,   15.955
turboFFT, 12, 6,    0.263,   59.761,   31.873
turboFFT, 12, 7,    0.264,  119.169,   63.557
turboFFT, 12, 8,    0.277,  226.985,  121.059
turboFFT, 12, 9,    0.283,  444.638,  237.140
turboFFT, 12, 10,    0.293,  858.438,  457.834
turboFFT, 12, 11,    0.342, 1470.310,  784.165
turboFFT, 12, 12,    0.654, 1539.006,  820.803
turboFFT, 12, 13,    1.038, 1939.993, 1034.663
turboFFT, 12, 14,    1.830, 2200.768, 1173.743
turboFFT, 12, 15,    3.626, 2220.932, 1184.497
turboFFT, 12, 16,    7.158, 2250.197, 1200.105
turboFFT, 13, 0,    0.002,  345.946,  170.312
turboFFT, 13, 1,    0.001,  712.634,  350.835
turboFFT, 13, 2,    0.002, 1419.190,  698.678
turboFFT, 13, 3,    0.002, 2820.339, 1388.474
turboFFT, 13, 4,    0.001, 5701.071, 2806.681
turboFFT, 13, 5,    0.532,   32.033,   15.770
turboFFT, 13, 6,    0.533,   63.975,   31.495
turboFFT, 13, 7,    0.543,  125.522,   61.795
turboFFT, 13, 8,    0.552,  247.045,  121.622
turboFFT, 13, 9,    0.559,  487.396,  239.949
turboFFT, 13, 10,    0.580,  939.776,  462.659
turboFFT, 13, 11,    0.703, 1550.865,  763.503
turboFFT, 13, 12,    1.306, 1670.399,  822.350
turboFFT, 13, 13,    2.065, 2112.040, 1039.774
turboFFT, 13, 14,    3.769, 2315.012, 1139.698
turboFFT, 13, 15,    7.446, 2343.344, 1153.647
turboFFT, 14, 0,    0.002,  543.854,  248.619
turboFFT, 14, 1,    0.002, 1139.587,  520.954
turboFFT, 14, 2,    0.268,   17.113,    7.823
turboFFT, 14, 3,    0.272,   33.746,   15.427
turboFFT, 14, 4,    0.273,   67.212,   30.726
turboFFT, 14, 5,    0.279,  131.774,   60.239
turboFFT, 14, 6,    0.307,  239.227,  109.361
turboFFT, 14, 7,    0.315,  465.970,  213.015
turboFFT, 14, 8,    0.341,  860.343,  393.300
turboFFT, 14, 9,    0.584, 1004.977,  459.418
turboFFT, 14, 10,    0.960, 1222.947,  559.062
turboFFT, 14, 11,    1.716, 1368.939,  625.801
turboFFT, 14, 12,    3.354, 1400.747,  640.341
turboFFT, 14, 13,    6.600, 1423.492,  650.739
turboFFT, 14, 14,   13.099, 1434.522,  655.782
turboFFT, 15, 0,    0.002, 1090.909,  465.455
turboFFT, 15, 1,    0.273,   18.037,    7.696
turboFFT, 15, 2,    0.275,   35.728,   15.244
turboFFT, 15, 3,    0.278,   70.785,   30.202
turboFFT, 15, 4,    0.284,  138.244,   58.984
turboFFT, 15, 5,    0.314,  250.778,  106.999
turboFFT, 15, 6,    0.322,  488.050,  208.235
turboFFT, 15, 7,    0.348,  903.704,  385.580
turboFFT, 15, 8,    0.569, 1105.123,  471.519
turboFFT, 15, 9,    0.962, 1307.612,  557.915
turboFFT, 15, 10,    1.770, 1421.746,  606.612
turboFFT, 15, 11,    3.406, 1477.546,  630.420
turboFFT, 15, 12,    6.693, 1504.040,  641.724
turboFFT, 15, 13,   13.269, 1517.214,  647.345
turboFFT, 16, 0,    0.272,   19.242,    7.697
turboFFT, 16, 1,    0.275,   38.093,   15.237
turboFFT, 16, 2,    0.278,   75.493,   30.197
turboFFT, 16, 3,    0.285,  147.199,   58.880
turboFFT, 16, 4,    0.316,  265.882,  106.353
turboFFT, 16, 5,    0.330,  508.815,  203.526
turboFFT, 16, 6,    0.360,  932.839,  373.135
turboFFT, 16, 7,    0.575, 1167.666,  467.066
turboFFT, 16, 8,    0.976, 1374.668,  549.867
turboFFT, 16, 9,    1.823, 1472.189,  588.876
turboFFT, 16, 10,    3.514, 1527.828,  611.131
turboFFT, 16, 11,    6.908, 1554.251,  621.700
turboFFT, 16, 12,   13.712, 1566.170,  626.468
turboFFT, 17, 0,    0.403,   27.662,   10.414
turboFFT, 17, 1,    0.403,   55.306,   20.821
turboFFT, 17, 2,    0.412,  108.154,   40.717
turboFFT, 17, 3,    0.440,  202.470,   76.224
turboFFT, 17, 4,    0.452,  394.795,  148.629
turboFFT, 17, 5,    0.481,  741.126,  279.012
turboFFT, 17, 6,    0.664, 1073.972,  404.319
turboFFT, 17, 7,    1.095, 1302.415,  490.321
turboFFT, 17, 8,    1.895, 1504.698,  566.474
turboFFT, 17, 9,    3.581, 1592.924,  599.689
turboFFT, 17, 10,    6.960, 1639.083,  617.067
turboFFT, 17, 11,   13.793, 1654.215,  622.763
turboFFT, 18, 0,    0.558,   42.295,   15.038
turboFFT, 18, 1,    0.567,   83.188,   29.578
turboFFT, 18, 2,    0.593,  159.065,   56.557
turboFFT, 18, 3,    0.604,  312.614,  111.152
turboFFT, 18, 4,    0.629,  599.817,  213.268
turboFFT, 18, 5,    0.717, 1053.290,  374.503
turboFFT, 18, 6,    1.205, 1252.586,  445.364
turboFFT, 18, 7,    1.955, 1544.335,  549.097
turboFFT, 18, 8,    3.557, 1698.181,  603.798
turboFFT, 18, 9,    6.964, 1734.590,  616.743
turboFFT, 18, 10,   13.681, 1765.896,  627.874
turboFFT, 19, 0,    0.610,   81.696,   27.519
turboFFT, 19, 1,    0.637,  156.474,   52.707
turboFFT, 19, 2,    0.647,  308.025,  103.756
turboFFT, 19, 3,    0.669,  595.400,  200.556
turboFFT, 19, 4,    0.760, 1048.541,  353.193
turboFFT, 19, 5,    1.329, 1198.952,  403.858
turboFFT, 19, 6,    2.216, 1438.428,  484.523
turboFFT, 19, 7,    4.139, 1540.470,  518.895
turboFFT, 19, 8,    7.986, 1596.537,  537.781
turboFFT, 19, 9,   15.793, 1614.680,  543.892
turboFFT, 20, 0,    0.638,  164.230,   52.554
turboFFT, 20, 1,    0.652,  321.780,  102.970
turboFFT, 20, 2,    0.673,  623.683,  199.579
turboFFT, 20, 3,    0.752, 1116.243,  357.198
turboFFT, 20, 4,    1.474, 1138.371,  364.279
turboFFT, 20, 5,    2.367, 1417.608,  453.634
turboFFT, 20, 6,    4.200, 1597.766,  511.285
turboFFT, 20, 7,    8.470, 1584.697,  507.103
turboFFT, 20, 8,   16.731, 1604.429,  513.417
turboFFT, 21, 0,    0.680,  323.910,   98.716
turboFFT, 21, 1,    0.703,  626.277,  190.865
turboFFT, 21, 2,    0.777, 1134.313,  345.695
turboFFT, 21, 3,    1.433, 1228.954,  374.538
turboFFT, 21, 4,    2.428, 1451.249,  442.285
turboFFT, 21, 5,    4.528, 1556.082,  474.234
turboFFT, 21, 6,    8.898, 1583.799,  482.682
turboFFT, 21, 7,   17.703, 1592.174,  485.234
turboFFT, 22, 0,    0.796,  579.405,  168.554
turboFFT, 22, 1,    0.870, 1060.722,  308.574
turboFFT, 22, 2,    1.566, 1178.211,  342.752
turboFFT, 22, 3,    3.197, 1154.555,  335.870
turboFFT, 22, 4,    6.351, 1162.249,  338.109
turboFFT, 22, 5,   12.309, 1199.460,  348.934
turboFFT, 22, 6,   25.139, 1174.567,  341.692
turboFFT, 23, 0,    0.972,  992.633,  276.211
turboFFT, 23, 1,    1.722, 1120.265,  311.726
turboFFT, 23, 2,    2.875, 1342.284,  373.505
turboFFT, 23, 3,    5.287, 1459.621,  406.155
turboFFT, 23, 4,   10.397, 1484.635,  413.116
turboFFT, 23, 5,   20.541, 1502.868,  418.189
turboFFT, 24, 0,    1.618, 1244.076,  331.754
turboFFT, 24, 1,    2.803, 1436.271,  383.006
turboFFT, 24, 2,    5.192, 1551.116,  413.631
turboFFT, 24, 3,   10.186, 1581.225,  421.660
turboFFT, 24, 4,   20.132, 1600.082,  426.689
turboFFT, 25, 0,    2.839, 1477.334,  378.197
turboFFT, 25, 1,    5.300, 1582.895,  405.221
turboFFT, 25, 2,   10.376, 1616.950,  413.939
turboFFT, 25, 3,   20.546, 1633.099,  418.073
