turboFFT, 1, 0,    0.002,    0.006,    0.035
turboFFT, 1, 1,    0.002,    0.012,    0.079
turboFFT, 1, 2,    0.002,    0.025,    0.161
turboFFT, 1, 3,    0.002,    0.051,    0.327
turboFFT, 1, 4,    0.002,    0.100,    0.640
turboFFT, 1, 5,    0.002,    0.203,    1.298
turboFFT, 1, 6,    0.002,    0.398,    2.550
turboFFT, 1, 7,    0.002,    0.811,    5.193
turboFFT, 1, 8,    0.002,    1.600,   10.240
turboFFT, 1, 9,    0.002,    3.259,   20.855
turboFFT, 1, 10,    0.021,    0.485,    3.104
turboFFT, 1, 11,    0.021,    0.972,    6.224
turboFFT, 1, 12,    0.021,    1.939,   12.412
turboFFT, 1, 13,    0.021,    3.838,   24.560
turboFFT, 1, 14,    0.022,    7.609,   48.697
turboFFT, 1, 15,    0.022,   15.048,   96.306
turboFFT, 1, 16,    0.022,   29.664,  189.849
turboFFT, 1, 17,    0.023,   57.577,  368.490
turboFFT, 1, 18,    0.023,  115.804,  741.148
turboFFT, 1, 19,    0.040,  130.602,  835.852
turboFFT, 1, 20,    0.064,  163.832, 1048.524
turboFFT, 1, 21,    0.113,  185.912, 1189.840
turboFFT, 1, 22,    0.241,  173.686, 1111.589
turboFFT, 1, 23,    0.443,  189.296, 1211.491
turboFFT, 1, 24,    0.864,  194.101, 1242.246
turboFFT, 1, 25,    1.715,  195.673, 1252.304
turboFFT, 1, 26,    3.399,  197.439, 1263.609
turboFFT, 1, 27,    6.789,  197.700, 1265.280
turboFFT, 2, 0,    0.002,    0.022,    0.069
turboFFT, 2, 1,    0.002,    0.046,    0.146
turboFFT, 2, 2,    0.002,    0.092,    0.293
turboFFT, 2, 3,    0.002,    0.183,    0.586
turboFFT, 2, 4,    0.002,    0.365,    1.168
turboFFT, 2, 5,    0.002,    0.735,    2.353
turboFFT, 2, 6,    0.002,    1.465,    4.689
turboFFT, 2, 7,    0.002,    2.925,    9.360
turboFFT, 2, 8,    0.002,    5.850,   18.720
turboFFT, 2, 9,    0.002,   11.700,   37.441
turboFFT, 2, 10,    0.025,    1.640,    5.249
turboFFT, 2, 11,    0.025,    3.286,   10.515
turboFFT, 2, 12,    0.025,    6.673,   21.353
turboFFT, 2, 13,    0.025,   13.256,   42.418
turboFFT, 2, 14,    0.025,   26.256,   84.021
turboFFT, 2, 15,    0.025,   51.973,  166.314
turboFFT, 2, 16,    0.025,  103.408,  330.906
turboFFT, 2, 17,    0.027,  196.145,  627.664
turboFFT, 2, 18,    0.043,  242.385,  775.631
turboFFT, 2, 19,    0.064,  325.871, 1042.788
turboFFT, 2, 20,    0.116,  362.548, 1160.154
turboFFT, 2, 21,    0.251,  333.640, 1067.647
turboFFT, 2, 22,    0.506,  331.427, 1060.567
turboFFT, 2, 23,    1.028,  326.316, 1044.210
turboFFT, 2, 24,    2.047,  327.814, 1049.004
turboFFT, 2, 25,    4.076,  329.271, 1053.667
turboFFT, 2, 26,    8.167,  328.688, 1051.801
turboFFT, 3, 0,    0.002,    0.074,    0.158
turboFFT, 3, 1,    0.002,    0.152,    0.325
turboFFT, 3, 2,    0.002,    0.308,    0.657
turboFFT, 3, 3,    0.002,    0.610,    1.301
turboFFT, 3, 4,    0.002,    1.227,    2.618
turboFFT, 3, 5,    0.002,    2.449,    5.224
turboFFT, 3, 6,    0.002,    4.938,   10.535
turboFFT, 3, 7,    0.002,    9.816,   20.941
turboFFT, 3, 8,    0.002,   19.753,   42.140
turboFFT, 3, 9,    0.034,    1.821,    3.886
turboFFT, 3, 10,    0.033,    3.700,    7.894
turboFFT, 3, 11,    0.033,    7.346,   15.672
turboFFT, 3, 12,    0.034,   14.414,   30.751
turboFFT, 3, 13,    0.034,   28.587,   60.986
turboFFT, 3, 14,    0.034,   57.116,  121.848
turboFFT, 3, 15,    0.036,  109.363,  233.307
turboFFT, 3, 16,    0.040,  197.413,  421.149
turboFFT, 3, 17,    0.058,  271.798,  579.836
turboFFT, 3, 18,    0.077,  410.850,  876.479
turboFFT, 3, 19,    0.120,  523.283, 1116.338
turboFFT, 3, 20,    0.225,  559.746, 1194.125
turboFFT, 3, 21,    0.457,  550.457, 1174.308
turboFFT, 3, 22,    0.863,  583.184, 1244.125
turboFFT, 3, 23,    1.675,  600.958, 1282.044
turboFFT, 3, 24,    3.319,  606.508, 1293.883
turboFFT, 3, 25,    6.615,  608.664, 1298.484
turboFFT, 4, 0,    0.002,    0.176,    0.282
turboFFT, 4, 1,    0.002,    0.367,    0.587
turboFFT, 4, 2,    0.002,    0.741,    1.185
turboFFT, 4, 3,    0.002,    1.473,    2.357
turboFFT, 4, 4,    0.002,    2.968,    4.750
turboFFT, 4, 5,    0.002,    5.861,    9.377
turboFFT, 4, 6,    0.002,   11.786,   18.858
turboFFT, 4, 7,    0.002,   23.315,   37.304
turboFFT, 4, 8,    0.002,   46.630,   74.608
turboFFT, 4, 9,    0.036,    4.516,    7.225
turboFFT, 4, 10,    0.036,    9.024,   14.439
turboFFT, 4, 11,    0.036,   18.020,   28.832
turboFFT, 4, 12,    0.037,   35.123,   56.196
turboFFT, 4, 13,    0.037,   70.724,  113.159
turboFFT, 4, 14,    0.037,  141.351,  226.162
turboFFT, 4, 15,    0.063,  166.724,  266.759
turboFFT, 4, 16,    0.056,  375.844,  601.351
turboFFT, 4, 17,    0.072,  581.663,  930.661
turboFFT, 4, 18,    0.129,  649.595, 1039.352
turboFFT, 4, 19,    0.235,  714.026, 1142.442
turboFFT, 4, 20,    0.448,  749.631, 1199.409
turboFFT, 4, 21,    0.873,  768.917, 1230.267
turboFFT, 4, 22,    1.704,  787.491, 1259.986
turboFFT, 4, 23,    3.369,  796.716, 1274.746
turboFFT, 4, 24,    6.718,  799.152, 1278.643
turboFFT, 5, 0,    0.002,    0.450,    0.577
turboFFT, 5, 1,    0.002,    0.928,    1.187
turboFFT, 5, 2,    0.002,    1.842,    2.357
turboFFT, 5, 3,    0.002,    3.731,    4.776
turboFFT, 5, 4,    0.002,    7.394,    9.464
turboFFT, 5, 5,    0.002,   14.898,   19.069
turboFFT, 5, 6,    0.002,   29.412,   37.647
turboFFT, 5, 7,    0.002,   59.590,   76.276
turboFFT, 5, 8,    0.049,    4.165,    5.331
turboFFT, 5, 9,    0.048,    8.477,   10.850
turboFFT, 5, 10,    0.048,   16.906,   21.639
turboFFT, 5, 11,    0.049,   33.746,   43.195
turboFFT, 5, 12,    0.049,   66.823,   85.534
turboFFT, 5, 13,    0.050,  132.342,  169.398
turboFFT, 5, 14,    0.050,  263.510,  337.293
turboFFT, 5, 15,    0.067,  390.132,  499.369
turboFFT, 5, 16,    0.080,  658.521,  842.907
turboFFT, 5, 17,    0.119,  878.169, 1124.056
turboFFT, 5, 18,    0.234,  895.594, 1146.361
turboFFT, 5, 19,    0.459,  912.993, 1168.631
turboFFT, 5, 20,    0.877,  956.269, 1224.025
turboFFT, 5, 21,    1.676, 1001.041, 1281.332
turboFFT, 5, 22,    3.295, 1018.258, 1303.371
turboFFT, 5, 23,    6.555, 1023.771, 1310.426
turboFFT, 6, 0,    0.002,    1.186,    1.265
turboFFT, 6, 1,    0.002,    2.459,    2.623
turboFFT, 6, 2,    0.002,    4.790,    5.110
turboFFT, 6, 3,    0.002,    9.856,   10.513
turboFFT, 6, 4,    0.002,   19.632,   20.941
turboFFT, 6, 5,    0.043,    1.435,    1.531
turboFFT, 6, 6,    0.043,    2.848,    3.038
turboFFT, 6, 7,    0.043,    5.707,    6.088
turboFFT, 6, 8,    0.043,   11.388,   12.147
turboFFT, 6, 9,    0.043,   22.613,   24.121
turboFFT, 6, 10,    0.044,   45.061,   48.065
turboFFT, 6, 11,    0.043,   90.928,   96.990
turboFFT, 6, 12,    0.044,  180.282,  192.300
turboFFT, 6, 13,    0.044,  357.313,  381.134
turboFFT, 6, 14,    0.071,  441.142,  470.551
turboFFT, 6, 15,    0.097,  646.843,  689.966
turboFFT, 6, 16,    0.152,  830.060,  885.397
turboFFT, 6, 17,    0.277,  908.697,  969.277
turboFFT, 6, 18,    0.509,  989.484, 1055.450
turboFFT, 6, 19,    0.990, 1016.755, 1084.539
turboFFT, 6, 20,    1.951, 1031.945, 1100.741
turboFFT, 6, 21,    3.877, 1038.476, 1107.708
turboFFT, 6, 22,    7.890, 1020.656, 1088.700
turboFFT, 7, 0,    0.002,    2.794,    2.555
turboFFT, 7, 1,    0.002,    5.726,    5.235
turboFFT, 7, 2,    0.002,   11.452,   10.470
turboFFT, 7, 3,    0.002,   22.857,   20.898
turboFFT, 7, 4,    0.002,   45.902,   41.967
turboFFT, 7, 5,    0.053,    2.687,    2.457
turboFFT, 7, 6,    0.053,    5.371,    4.910
turboFFT, 7, 7,    0.054,   10.706,    9.789
turboFFT, 7, 8,    0.053,   21.487,   19.645
turboFFT, 7, 9,    0.054,   42.495,   38.852
turboFFT, 7, 10,    0.054,   84.733,   77.470
turboFFT, 7, 11,    0.054,  168.738,  154.275
turboFFT, 7, 12,    0.055,  334.582,  305.904
turboFFT, 7, 13,    0.070,  523.355,  478.496
turboFFT, 7, 14,    0.101,  725.368,  663.194
turboFFT, 7, 15,    0.135, 1088.276,  994.996
turboFFT, 7, 16,    0.241, 1219.404, 1114.884
turboFFT, 7, 17,    0.452, 1300.327, 1188.870
turboFFT, 7, 18,    0.861, 1363.512, 1246.640
turboFFT, 7, 19,    1.687, 1392.439, 1273.087
turboFFT, 7, 20,    3.334, 1409.045, 1288.270
turboFFT, 7, 21,    6.664, 1409.885, 1289.038
turboFFT, 8, 0,    0.002,    6.362,    5.089
turboFFT, 8, 1,    0.002,   13.061,   10.449
turboFFT, 8, 2,    0.002,   26.122,   20.898
turboFFT, 8, 3,    0.002,   52.245,   41.796
turboFFT, 8, 4,    0.002,  104.918,   83.934
turboFFT, 8, 5,    0.083,    3.930,    3.144
turboFFT, 8, 6,    0.084,    7.808,    6.247
turboFFT, 8, 7,    0.084,   15.512,   12.410
turboFFT, 8, 8,    0.085,   30.913,   24.731
turboFFT, 8, 9,    0.084,   62.160,   49.728
turboFFT, 8, 10,    0.086,  122.032,   97.626
turboFFT, 8, 11,    0.085,  245.518,  196.414
turboFFT, 8, 12,    0.102,  410.459,  328.368
turboFFT, 8, 13,    0.112,  750.011,  600.009
turboFFT, 8, 14,    0.163, 1027.995,  822.396
turboFFT, 8, 15,    0.273, 1227.151,  981.721
turboFFT, 8, 16,    0.458, 1465.689, 1172.551
turboFFT, 8, 17,    0.879, 1526.756, 1221.405
turboFFT, 8, 18,    1.711, 1569.299, 1255.439
turboFFT, 8, 19,    3.367, 1594.424, 1275.539
turboFFT, 8, 20,    6.707, 1600.862, 1280.689
turboFFT, 9, 0,    0.002,   14.173,   10.079
turboFFT, 9, 1,    0.002,   29.388,   20.898
turboFFT, 9, 2,    0.002,   58.656,   41.711
turboFFT, 9, 3,    0.002,  117.073,   83.252
turboFFT, 9, 4,    0.002,  234.146,  166.504
turboFFT, 9, 5,    0.062,   11.892,    8.457
turboFFT, 9, 6,    0.062,   23.789,   16.917
turboFFT, 9, 7,    0.062,   47.249,   33.600
turboFFT, 9, 8,    0.063,   93.327,   66.366
turboFFT, 9, 9,    0.063,  187.004,  132.980
turboFFT, 9, 10,    0.063,  373.969,  265.934
turboFFT, 9, 11,    0.082,  572.756,  407.293
turboFFT, 9, 12,    0.092, 1020.492,  725.683
turboFFT, 9, 13,    0.136, 1387.136,  986.408
turboFFT, 9, 14,    0.236, 1596.622, 1135.375
turboFFT, 9, 15,    0.446, 1693.801, 1204.481
turboFFT, 9, 16,    0.855, 1766.667, 1256.297
turboFFT, 9, 17,    1.691, 1785.948, 1270.008
turboFFT, 9, 18,    3.323, 1817.788, 1292.649
turboFFT, 9, 19,    6.586, 1834.009, 1304.184
turboFFT, 10, 0,    0.002,   31.936,   20.439
turboFFT, 10, 1,    0.002,   65.173,   41.711
turboFFT, 10, 2,    0.002,  130.612,   83.592
turboFFT, 10, 3,    0.002,  262.834,  168.214
turboFFT, 10, 4,    0.002,  522.449,  334.367
turboFFT, 10, 5,    0.085,   19.369,   12.396
turboFFT, 10, 6,    0.087,   37.877,   24.241
turboFFT, 10, 7,    0.087,   75.686,   48.439
turboFFT, 10, 8,    0.086,  152.070,   97.325
turboFFT, 10, 9,    0.087,  301.143,  192.732
turboFFT, 10, 10,    0.101,  518.153,  331.618
turboFFT, 10, 11,    0.108,  967.121,  618.958
turboFFT, 10, 12,    0.149, 1407.137,  900.568
turboFFT, 10, 13,    0.247, 1697.230, 1086.228
turboFFT, 10, 14,    0.454, 1846.267, 1181.611
turboFFT, 10, 15,    0.861, 1948.997, 1247.358
turboFFT, 10, 16,    1.674, 2004.995, 1283.196
turboFFT, 10, 17,    3.300, 2033.774, 1301.615
turboFFT, 10, 18,    6.560, 2046.075, 1309.488
turboFFT, 11, 0,    0.002,   71.111,   41.374
turboFFT, 11, 1,    0.002,  144.559,   84.107
turboFFT, 11, 2,    0.002,  289.712,  168.560
turboFFT, 11, 3,    0.002,  578.234,  336.427
turboFFT, 11, 4,    0.002, 1156.468,  672.854
turboFFT, 11, 5,    0.154,   23.380,   13.603
turboFFT, 11, 6,    0.161,   44.689,   26.001
turboFFT, 11, 7,    0.155,   92.978,   54.096
turboFFT, 11, 8,    0.155,  186.451,  108.481
turboFFT, 11, 9,    0.170,  339.379,  197.457
turboFFT, 11, 10,    0.177,  652.926,  379.884
turboFFT, 11, 11,    0.186, 1238.461,  720.559
turboFFT, 11, 12,    0.361, 1277.199,  743.098
turboFFT, 11, 13,    0.552, 1672.593,  973.145
turboFFT, 11, 14,    0.939, 1966.116, 1143.922
turboFFT, 11, 15,    1.857, 1988.103, 1156.714
turboFFT, 11, 16,    3.580, 2062.054, 1199.741
turboFFT, 11, 17,    7.321, 2016.654, 1173.326
turboFFT, 12, 0,    0.002,  150.294,   80.157
turboFFT, 12, 1,    0.002,  316.701,  168.907
turboFFT, 12, 2,    0.002,  632.099,  337.119
turboFFT, 12, 3,    0.002, 1256.442,  670.102
turboFFT, 12, 4,    0.002, 2523.203, 1345.708
turboFFT, 12, 5,    0.263,   29.954,   15.976
turboFFT, 12, 6,    0.264,   59.469,   31.717
turboFFT, 12, 7,    0.265,  118.809,   63.365
turboFFT, 12, 8,    0.277,  226.902,  121.014
turboFFT, 12, 9,    0.287,  438.138,  233.674
turboFFT, 12, 10,    0.316,  795.292,  424.156
turboFFT, 12, 11,    0.364, 1382.167,  737.155
turboFFT, 12, 12,    0.673, 1495.779,  797.749
turboFFT, 12, 13,    1.048, 1920.885, 1024.472
turboFFT, 12, 14,    1.863, 2160.769, 1152.410
turboFFT, 12, 15,    3.671, 2193.563, 1169.900
turboFFT, 12, 16,    7.245, 2223.172, 1185.692
turboFFT, 13, 0,    0.002,  331.474,  163.187
turboFFT, 13, 1,    0.002,  684.774,  337.119
turboFFT, 13, 2,    0.002, 1372.371,  675.629
turboFFT, 13, 3,    0.002, 2733.470, 1345.708
turboFFT, 13, 4,    0.002, 5444.581, 2680.409
turboFFT, 13, 5,    0.644,   26.444,   13.019
turboFFT, 13, 6,    0.650,   52.403,   25.799
turboFFT, 13, 7,    0.678,  100.527,   49.490
turboFFT, 13, 8,    0.683,  199.606,   98.268
turboFFT, 13, 9,    0.697,  391.195,  192.588
turboFFT, 13, 10,    0.743,  733.832,  361.271
turboFFT, 13, 11,    0.982, 1110.975,  546.942
turboFFT, 13, 12,    2.294,  950.775,  468.074
turboFFT, 13, 13,    4.019, 1085.261,  534.282
turboFFT, 13, 14,    7.833, 1113.821,  548.342
turboFFT, 13, 15,   15.595, 1118.842,  550.814
turboFFT, 14, 0,    0.002,  531.751,  243.086
turboFFT, 14, 1,    0.002,  977.899,  447.040
turboFFT, 14, 2,    0.279,   16.433,    7.512
turboFFT, 14, 3,    0.284,   32.297,   14.765
turboFFT, 14, 4,    0.285,   64.302,   29.395
turboFFT, 14, 5,    0.294,  124.930,   57.111
turboFFT, 14, 6,    0.320,  229.626,  104.972
turboFFT, 14, 7,    0.329,  446.474,  204.102
turboFFT, 14, 8,    0.352,  833.935,  381.228
turboFFT, 14, 9,    0.702,  836.841,  382.556
turboFFT, 14, 10,    1.083, 1084.706,  495.866
turboFFT, 14, 11,    1.871, 1255.361,  573.879
turboFFT, 14, 12,    3.690, 1273.009,  581.947
turboFFT, 14, 13,    7.255, 1294.995,  591.998
turboFFT, 14, 14,   14.530, 1293.176,  591.166
turboFFT, 15, 0,    0.003,  920.863,  392.902
turboFFT, 15, 1,    0.283,   17.370,    7.411
turboFFT, 15, 2,    0.286,   34.332,   14.648
turboFFT, 15, 3,    0.290,   67.782,   28.920
turboFFT, 15, 4,    0.297,  132.307,   56.451
turboFFT, 15, 5,    0.326,  241.434,  103.012
turboFFT, 15, 6,    0.335,  469.496,  200.318
turboFFT, 15, 7,    0.377,  834.563,  356.080
turboFFT, 15, 8,    0.708,  888.608,  379.139
turboFFT, 15, 9,    1.091, 1152.991,  491.943
turboFFT, 15, 10,    1.878, 1339.709,  571.609
turboFFT, 15, 11,    3.711, 1356.331,  578.701
turboFFT, 15, 12,    7.281, 1382.625,  589.920
turboFFT, 15, 13,   14.637, 1375.480,  586.872
turboFFT, 16, 0,    0.285,   18.411,    7.364
turboFFT, 16, 1,    0.289,   36.281,   14.512
turboFFT, 16, 2,    0.291,   72.158,   28.863
turboFFT, 16, 3,    0.301,  139.415,   55.766
turboFFT, 16, 4,    0.329,  255.319,  102.128
turboFFT, 16, 5,    0.337,  497.276,  198.910
turboFFT, 16, 6,    0.371,  903.275,  361.310
turboFFT, 16, 7,    0.715,  938.991,  375.596
turboFFT, 16, 8,    1.112, 1207.209,  482.884
turboFFT, 16, 9,    1.909, 1405.994,  562.397
turboFFT, 16, 10,    3.763, 1426.572,  570.629
turboFFT, 16, 11,    7.399, 1451.166,  580.466
turboFFT, 16, 12,   14.852, 1445.910,  578.364
turboFFT, 17, 0,    0.424,   26.250,    9.882
turboFFT, 17, 1,    0.425,   52.370,   19.716
turboFFT, 17, 2,    0.434,  102.799,   38.701
turboFFT, 17, 3,    0.463,  192.589,   72.504
turboFFT, 17, 4,    0.476,  374.670,  141.052
turboFFT, 17, 5,    0.498,  716.323,  269.675
turboFFT, 17, 6,    0.747,  955.135,  359.580
turboFFT, 17, 7,    1.248, 1142.436,  430.094
turboFFT, 17, 8,    2.041, 1397.387,  526.075
turboFFT, 17, 9,    3.860, 1477.786,  556.343
turboFFT, 17, 10,    7.604, 1500.301,  564.819
turboFFT, 17, 11,   15.187, 1502.376,  565.600
turboFFT, 18, 0,    0.601,   39.268,   13.962
turboFFT, 18, 1,    0.609,   77.453,   27.539
turboFFT, 18, 2,    0.636,  148.495,   52.798
turboFFT, 18, 3,    0.647,  291.569,  103.669
turboFFT, 18, 4,    0.670,  563.457,  200.340
turboFFT, 18, 5,    0.760,  992.819,  353.002
turboFFT, 18, 6,    1.432, 1054.557,  374.953
turboFFT, 18, 7,    2.239, 1348.724,  479.546
turboFFT, 18, 8,    3.913, 1543.668,  548.860
turboFFT, 18, 9,    7.843, 1540.175,  547.618
turboFFT, 18, 10,   15.352, 1573.672,  559.528
turboFFT, 19, 0,    0.668,   74.566,   25.117
turboFFT, 19, 1,    0.689,  144.531,   48.684
turboFFT, 19, 2,    0.700,  284.725,   95.908
turboFFT, 19, 3,    0.722,  551.850,  185.886
turboFFT, 19, 4,    0.815,  977.903,  329.399
turboFFT, 19, 5,    1.571, 1014.762,  341.815
turboFFT, 19, 6,    2.464, 1293.716,  435.778
turboFFT, 19, 7,    4.350, 1465.468,  493.631
turboFFT, 19, 8,    8.769, 1454.041,  489.782
turboFFT, 19, 9,   17.275, 1476.207,  497.249
turboFFT, 20, 0,    0.681,  153.968,   49.270
turboFFT, 20, 1,    0.696,  301.401,   96.448
turboFFT, 20, 2,    0.718,  584.418,  187.014
turboFFT, 20, 3,    0.794, 1057.032,  338.250
turboFFT, 20, 4,    1.540, 1089.416,  348.613
turboFFT, 20, 5,    2.433, 1378.903,  441.249
turboFFT, 20, 6,    4.250, 1578.875,  505.240
turboFFT, 20, 7,    8.612, 1558.581,  498.746
turboFFT, 20, 8,   16.978, 1581.073,  505.943
turboFFT, 21, 0,    0.699,  314.815,   95.943
turboFFT, 21, 1,    0.722,  610.034,  185.915
turboFFT, 21, 2,    0.788, 1117.386,  340.537
turboFFT, 21, 3,    1.578, 1116.461,  340.255
turboFFT, 21, 4,    2.526, 1394.878,  425.106
turboFFT, 21, 5,    4.580, 1538.679,  468.931
turboFFT, 21, 6,    9.258, 1522.270,  463.930
turboFFT, 21, 7,   18.587, 1516.448,  462.156
turboFFT, 22, 0,    0.825,  559.049,  162.632
turboFFT, 22, 1,    0.903, 1021.989,  297.306
turboFFT, 22, 2,    1.837, 1004.574,  292.240
turboFFT, 22, 3,    2.905, 1270.565,  369.619
turboFFT, 22, 4,    5.201, 1419.368,  412.907
turboFFT, 22, 5,   10.602, 1392.583,  405.115
turboFFT, 22, 6,   21.265, 1388.566,  403.946
turboFFT, 23, 0,    0.999,  965.552,  268.675
turboFFT, 23, 1,    1.923, 1003.257,  279.167
turboFFT, 23, 2,    3.159, 1221.626,  339.931
turboFFT, 23, 3,    5.823, 1325.328,  368.787
turboFFT, 23, 4,   11.613, 1329.112,  369.840
turboFFT, 23, 5,   22.933, 1346.086,  374.563
turboFFT, 24, 0,    1.941, 1037.003,  276.534
turboFFT, 24, 1,    3.190, 1262.389,  336.637
turboFFT, 24, 2,    5.863, 1373.650,  366.307
turboFFT, 24, 3,   11.644, 1383.188,  368.850
turboFFT, 24, 4,   23.070, 1396.292,  372.345
turboFFT, 25, 0,    3.210, 1306.480,  334.459
turboFFT, 25, 1,    5.747, 1459.615,  373.662
turboFFT, 25, 2,   11.508, 1457.819,  373.202
turboFFT, 25, 3,   22.740, 1475.597,  377.753
