Error_Bound,Data_Point,CR,BR,PSNR,NRMSE,cmp_cTP,cmp_xTP,nsys_cmp_cTP,nsys_cmp_xTP,nvcomp_CR,nvcomp_cTP,nvcomp_xTP,bitcomp_CR,bitcomp_cTP,bitcomp_xTP
1e-2,_overall,28.945407734662048,1.1055294260609114,50.92347860705076,,54.36378378378378,54.36378378378378,56.01215019892137,55.19353792310622,2.940019683607811,153.8582648284312,56.254431071611776,2.945098663957123,262.9895997321058,173.3662527038011
1e-2,aramco-snapshot-0000.f32,31.111511,1.0285582079250346,112.225605,2.44748350712052e-06,54.37,54.37,56.122288053702235,55.17400739064759,77.1227,161.74804087743485,51.57819056829017,80.11,299.9432818512872,170.6216100112306
1e-2,aramco-snapshot-0100.f32,31.110959,1.0285764575756087,92.911918,2.2615392138846296e-05,55.95,55.95,55.84778582854438,56.87056304431663,79.1114,162.3434049424711,51.94965171688509,82.26,280.94928398918927,172.11031043687115
1e-2,aramco-snapshot-0200.f32,31.108732,1.0286500909133809,81.786806,8.140661533707029e-05,54.8,54.8,55.65066118321804,55.580558835405284,73.4577,162.13695103609538,51.7186957929552,76.16,294.5044670735057,174.67161495394132
1e-2,aramco-snapshot-0300.f32,31.050848,1.0305676675883377,70.649701,0.00029343704430613067,55.44,55.44,56.02466003152531,56.28135623037275,38.5615,161.69521227836788,51.82999149231691,39.3,291.6620536745273,176.21249076169354
1e-2,aramco-snapshot-0400.f32,30.950214,1.0339185376876554,66.381322,0.0004796604542005718,57.97,57.97,56.08335643729637,59.09007252683533,23.0997,163.10721151265793,51.998515670012026,23.36,287.4189123837719,176.26085625908857
1e-2,aramco-snapshot-0500.f32,30.815715,1.0384312030403968,63.513757,0.0006672862096524714,56.37,56.37,56.05425101281244,57.197117566888444,15.0543,163.8237990149583,52.14914649271971,15.16,279.2160693039656,176.6806519485113
1e-2,aramco-snapshot-0600.f32,30.655341,1.0438637756467952,61.263372,0.0008646321939462703,57.09,57.09,56.20178117704565,57.949133480545996,10.4245,165.21012362198806,52.50658824583248,10.48,287.862119398952,176.72721208150045
1e-2,aramco-snapshot-0700.f32,30.497353,1.0492713908646432,59.437512,0.0010669016448405172,56.06,56.06,56.125215012227955,56.885282180529316,7.7155,164.18143197968084,52.73218352099459,7.74,275.26004159150455,174.89927207506622
1e-2,aramco-snapshot-0800.f32,30.294693,1.0562906182941019,57.75286,0.0012952601784214778,56.24,56.24,55.86535754800232,57.055903858599486,5.8728,166.71761668242078,52.94599684048361,5.89,269.7120554328941,174.88533853717917
1e-2,aramco-snapshot-0900.f32,30.066405,1.0643108146783762,56.208479,0.001547305442214014,56.57,56.57,55.92542165766162,57.41823828591759,4.6538,165.03407070922964,53.457073656029024,4.66,281.3465463967233,170.00244270095382
1e-2,aramco-snapshot-1000.f32,29.720969,1.0766809117159,54.727857,0.0018348777857782493,54.6,54.6,56.14212238615378,55.45626493259154,3.7137,167.25314771976323,54.01517588077057,3.72,266.6235355251587,172.62323788419576
1e-2,aramco-snapshot-1100.f32,29.236486,1.0945227822522858,53.276869,0.002168485661963684,54.37,54.37,56.23340500908125,55.395221630238794,2.9584,169.56862365954532,54.76679869067054,2.96,264.5793742233439,174.353551173492
1e-2,aramco-snapshot-1200.f32,28.758884,1.1126996443951025,52.126965,0.0024754363644751147,53.72,53.72,56.02919540578074,54.50105723179573,2.4647,150.53213812625046,56.68845941935106,2.47,272.02545244374903,171.07755929780825
1e-2,aramco-snapshot-1300.f32,28.414176,1.1261984158893081,51.274363,0.0027307492698192635,55.24,55.24,55.92313569134543,56.15430486289852,2.2377,153.50297169655076,57.22394268460613,2.24,260.89315552458123,170.56635123926927
1e-2,aramco-snapshot-1400.f32,28.245821,1.1329109534468833,50.779031,0.002891002474422729,53.91,53.91,56.020303206650105,54.7142852874447,2.2424,153.44710306937108,57.23624172820598,2.24,255.9127636379747,172.03650982887638
1e-2,aramco-snapshot-1500.f32,28.172571,1.1358565748223688,50.326854,0.003045490894985931,54.61,54.61,56.09777784023097,55.53795296954173,2.3015,149.38506487080758,57.53684864458291,2.3,263.13054773278674,183.13295370738385
1e-2,aramco-snapshot-1600.f32,28.392805,1.127046094952577,50.190656,0.003093621699312595,55.98,55.98,56.14060441272142,56.78860169492046,2.4212,148.85104089365626,57.15748573797462,2.42,255.25704121711092,187.1336805767855
1e-2,aramco-snapshot-1700.f32,28.686391,1.1155115329774317,50.582449,0.002957178477353909,56.3,56.3,55.84160123445304,57.1197213513856,2.5165,146.37425465043702,56.3159295498972,2.52,249.36781255946698,185.760950225458
1e-2,aramco-snapshot-1800.f32,28.925693,1.1062829160220984,51.336927,0.0027111505564728004,56.68,56.68,56.153661667436666,57.59686963202595,2.6492,143.4146340674376,56.705426571394966,2.65,248.59452000823416,180.04909994930648
1e-2,aramco-snapshot-1900.f32,29.193807,1.0961228866108488,52.349228,0.002412895950327739,57.12,57.12,55.86636551703837,58.04835831573206,2.8869,140.77397779184307,57.30029941028202,2.89,247.27863585085916,176.56156802809008
1e-2,aramco-snapshot-2000.f32,29.64229,1.0795387265963594,53.734538,0.0020571839378870035,56.16,56.16,56.128070875758254,56.99992268998715,3.5074,140.7964705298619,55.383996370058796,3.51,249.0901203098691,176.3573693245698
1e-2,aramco-snapshot-2100.f32,30.063409,1.064416879669235,55.368506,0.0017044123906509146,55.39,55.39,56.07594362074669,56.24747346363448,4.5332,140.74125734438314,56.0942452066667,4.54,252.69453023196067,169.8668786559291
1e-2,aramco-snapshot-2200.f32,30.41971,1.0519495419252847,57.362951,0.0013547291413882829,56.24,56.24,56.11868331702731,57.079338730185015,6.1807,138.40097264048413,52.55288019542948,6.2,255.36258686511508,160.7290903281551
1e-2,aramco-snapshot-2300.f32,30.643999,1.0442501319752686,59.10754,0.001108212385300617,55.2,55.2,56.10730109993939,56.07704829125578,8.3069,139.519701226435,54.605708307676316,8.34,252.77038694874855,163.7627816152645
1e-2,aramco-snapshot-2400.f32,30.822392,1.0382062495344293,61.079282,0.0008831528906896232,56.72,56.72,56.14460489606526,57.76946730104821,12.1319,140.61809955851197,54.91418468985003,12.2,267.47194147385966,167.23245686543186
1e-2,aramco-snapshot-2500.f32,30.953024,1.0338246757408904,63.347411,0.0006801887288682113,56.48,56.48,55.99181383647067,57.38534281695753,19.541,149.04520972017912,54.29916190646636,19.73,278.41179409449086,169.5321125993867
1e-2,aramco-snapshot-2600.f32,31.037768,1.0310019715335201,65.843264,0.0005103131747377142,57.25,57.25,56.108068094852925,58.10238260056689,31.3559,149.7026491967598,52.16411113945512,31.84,286.14660965628644,170.86254288130183
1e-2,aramco-snapshot-2700.f32,31.051072,1.0305602331539472,64.692906,0.0005825788397900328,55.85,55.85,56.13767584888738,56.65030466813177,29.6539,148.45040479333335,52.00412729343709,30.09,269.9405916948683,168.0424875451498
1e-2,aramco-snapshot-2800.f32,30.753325,1.040537893057092,54.346579,0.0019172160535521577,57.5,57.5,56.08332079406678,58.38572193993969,6.4252,136.2252915494882,50.53961015738833,6.45,248.39417773532023,155.40779577547764
1e-2,aramco-snapshot-2900.f32,30.584196,1.046292013038368,51.76382,0.0025811248950586107,55.51,55.51,55.970647755199614,56.33194233816095,4.2122,135.79242501332422,51.14337529848427,4.22,243.0354992152218,158.4642710173063
1e-2,aramco-snapshot-3000.f32,27.361604,1.1695220791880476,45.828536,0.0051117920138687685,48.84,48.84,55.92636090729044,49.463599535983825,1.1561,146.7041507003121,58.18198962685203,1.16,240.25208946630377,157.23206167100534
1e-2,aramco-snapshot-3100.f32,26.60652,1.2027127185366595,45.622184,0.005234687696941774,48.48,48.48,55.98383916337172,49.16871811117921,1.1079,149.93998831833989,63.39205928137765,1.11,245.0260447400767,162.06956151392305
1e-2,aramco-snapshot-3200.f32,24.458499,1.3083386678798237,45.309621,0.005426489131436912,47.76,47.76,55.78212244337067,48.461363617134516,1.0463,160.95256692314442,68.59160993319334,1.05,232.7111054109221,185.74716733375905
1e-2,aramco-snapshot-3300.f32,24.119458,1.3267296470758172,45.297513,0.005434058893592945,47.25,47.25,55.70776726788674,47.89907597788101,1.0429,167.5809429953999,69.14564692107385,1.04,235.982265396757,186.66678789343467
1e-2,aramco-snapshot-3400.f32,24.497984,1.3062299330426537,45.347004,0.005403184378640708,47.45,47.45,56.00314924036225,48.118576359180146,1.0467,164.81230805978777,64.98300268716125,1.05,244.17962343782008,185.9071947230967
1e-2,aramco-snapshot-3500.f32,24.446661,1.3089722150603718,45.382981,0.005380851037760345,47.79,47.79,55.86346549382295,48.38015602659652,1.0461,164.9752670054604,68.697962410837,1.05,249.8408143615881,183.27071922706259
1e-2,aramco-snapshot-3600.f32,24.705966,1.29523370994682,45.438169,0.005346770793034906,48.2,48.2,55.96777239204337,48.825597378474036,1.0514,159.3972738757819,66.90763590997325,1.05,247.7673392291197,177.03280939368506
1e-3,_overall,24.880659672478387,1.2861395325219864,69.05387238605837,,48.74567567567568,48.74567567567568,55.81601230032064,49.43181433357855,2.0321812749558616,165.6833349349843,65.40244798904635,2.03692342069843,251.71989601934254,185.09647989828233
1e-3,aramco-snapshot-0000.f32,31.111408,1.0285616131548916,126.30339,4.839834604937352e-07,54.49,54.49,56.11540019749637,55.40513397739275,76.6571,161.08717828783844,51.563593375398405,79.61,278.7502368721202,173.2907524005535
1e-3,aramco-snapshot-0100.f32,31.109366,1.02862912731812,108.687297,3.6781983616888814e-06,53.0,53.0,55.88410818848894,53.78851459384581,76.5158,161.906918743586,52.0896906486882,79.45,278.31723080726323,174.3245585292298
1e-3,aramco-snapshot-0200.f32,31.098461,1.028989826859921,97.304182,1.3639262698053776e-05,55.01,55.01,56.1160960440101,55.84449898798842,60.733,161.2297846856887,51.30177724584086,62.57,277.5434177447134,175.42061715021944
1e-3,aramco-snapshot-0300.f32,30.918542,1.0349776519216205,89.641392,3.2955689215941716e-05,54.71,54.71,56.02352185678001,55.504243439413145,29.9768,163.6534568587833,52.066974439462406,30.42,288.1781388951112,175.74607682371806
1e-3,aramco-snapshot-0400.f32,30.636984,1.0444892356244988,85.564563,5.269529431970991e-05,53.24,53.24,56.252654578471144,54.10118205309314,17.1429,162.47439078522396,52.134610595637874,17.29,276.95634613850484,176.66499017667138
1e-3,aramco-snapshot-0500.f32,30.256289,1.0576313572361766,82.572715,7.43642610451341e-05,52.41,52.41,56.034318593899435,53.137940067668595,10.871,165.04003511701697,52.81352848771914,10.93,273.29343146438566,179.58729722532703
1e-3,aramco-snapshot-0600.f32,29.838918,1.0724249451672476,80.299679,9.660865759950036e-05,51.45,51.45,56.045866991237865,52.250052881506235,7.5206,168.87752305003227,53.536745102568595,7.55,289.25891858882676,176.37065742200414
1e-3,aramco-snapshot-0700.f32,29.436874,1.0870719492837453,78.324703,0.00012127319878200785,50.67,50.67,56.10296708088263,51.3611243800025,5.6197,171.1840245785956,54.44955388005606,5.64,282.170052562158,182.25769932030434
1e-3,aramco-snapshot-0800.f32,28.983789,1.1040654484477512,76.425762,0.00015090786847492198,49.67,49.67,56.184032990019304,50.38698163075911,4.3364,172.1300841420262,55.2766326852607,4.35,292.75355079847685,180.3694862739431
1e-3,aramco-snapshot-0900.f32,28.411263,1.1263138847435257,74.693931,0.00018420586620481865,48.95,48.95,55.9464293972926,49.62310462230418,3.4329,174.10260914711944,56.497208730802726,3.44,285.4770723515267,183.13623509343225
1e-3,aramco-snapshot-1000.f32,27.593494,1.1596936582224782,73.040552,0.00022282935989564314,47.13,47.13,56.00585051517185,47.77999643272171,2.7497,160.41535951960682,56.99337237483415,2.75,271.20425774956595,185.41515580837668
1e-3,aramco-snapshot-1100.f32,26.45613,1.209549544850286,71.491262,0.00026634030106309205,47.75,47.75,55.60297236336798,48.43134898053961,2.2366,163.95626144506377,61.29679106950855,2.24,278.70372517031893,188.1501682557749
1e-3,aramco-snapshot-1200.f32,25.465262,1.2566138137514549,70.190719,0.00030935992619660486,47.78,47.78,55.911620098996536,48.46775167845064,1.8965,167.50152508066546,63.67193867192307,1.9,265.41922688802674,194.24402613509397
1e-3,aramco-snapshot-1300.f32,24.686424,1.2962590288492168,69.167967,0.0003480179392129146,47.57,47.57,55.87554501401137,48.20863685008681,1.6798,164.94284990167537,66.01094955554218,1.68,271.4642651176419,189.97881819032256
1e-3,aramco-snapshot-1400.f32,24.216572,1.3214091573324251,68.405958,0.00037992872045298825,46.22,46.22,55.508345779575876,46.867405333394885,1.608,167.28051606869084,66.72031898914868,1.61,262.9905414196986,194.9912747170026
1e-3,aramco-snapshot-1500.f32,23.894555,1.3392172400783358,67.922156,0.00040169107922928587,47.49,47.49,56.02996026673381,48.074156687159046,1.5647,165.10665129697827,67.8374661549914,1.57,260.5181698794307,196.27474363365272
1e-3,aramco-snapshot-1600.f32,23.899268,1.338953142832659,67.663453,0.00041383512976160216,48.84,48.84,55.90898103904335,49.46023110644929,1.5188,162.80323129837936,68.45849313718561,1.52,256.9861696719964,190.4072445259511
1e-3,aramco-snapshot-1700.f32,24.15788,1.3246195444302233,67.654973,0.0004142393383777238,48.04,48.04,55.8699025382332,48.665909097293024,1.49,159.7642624835886,70.14964971601515,1.49,250.88256163631658,193.47722973648143
1e-3,aramco-snapshot-1800.f32,24.641548,1.298619713339438,67.825279,0.0004061963840366448,48.76,48.76,56.08690316517722,49.57888722051038,1.5069,154.62657201385014,67.39563683626092,1.51,250.92148317269962,189.51902031333452
1e-3,aramco-snapshot-1900.f32,25.246132,1.2675209018157712,68.209794,0.0003886067179957389,48.8,48.8,56.16499120982009,49.416178835195275,1.5799,148.8651724228933,63.90550476097795,1.58,246.29308517352314,185.2942888455598
1e-3,aramco-snapshot-2000.f32,26.291779,1.2171104891761033,69.052432,0.00035267803227222335,51.42,51.42,55.75133861894291,52.23871681086192,1.7637,142.84885492100156,61.816279195960156,1.77,237.83848463887844,179.13573480766698
1e-3,aramco-snapshot-2100.f32,27.414455,1.1672674142163322,70.062205,0.00031397114764091866,51.34,51.34,56.11416912670765,52.251383220471524,2.0588,140.34384591866748,58.74811012539343,2.06,242.08825254695276,165.03929706678412
1e-3,aramco-snapshot-2200.f32,28.471158,1.1239444493265782,71.331242,0.00027129257933126316,52.6,52.6,55.92015889908554,53.303289137925375,2.545,138.51700260698559,59.6413473675544,2.55,251.57925733229783,167.140662766065
1e-3,aramco-snapshot-2300.f32,29.193393,1.0961384310484226,72.625218,0.00023374327501959614,52.38,52.38,55.97290210452377,53.102126797193336,3.0945,139.01499986947624,56.034941669898856,3.1,245.6643432006062,169.13005516362335
1e-3,aramco-snapshot-2400.f32,29.808166,1.0735313269524869,74.143845,0.000196249129317049,52.65,52.65,55.82010717521076,53.437210714784754,3.9596,138.59710712777965,54.61224459836599,3.97,243.77752044214208,166.24181313170337
1e-3,aramco-snapshot-2500.f32,30.285727,1.0566033300108661,75.622566,0.00016552809536947563,53.65,53.65,56.170872222221014,54.64269704756802,5.3119,139.9765829752363,55.1510214161335,5.33,253.27068114324996,164.8050085527443
1e-3,aramco-snapshot-2600.f32,30.631021,1.0446925683606825,76.89685,0.00014294123040400132,55.14,55.14,55.95267271173451,56.02142346832496,7.3256,137.92161635185607,53.43720734451643,7.35,246.65297280458645,159.48332165398415
1e-3,aramco-snapshot-2700.f32,30.516133,1.0486256564683343,73.854906,0.00020288722018693437,54.54,54.54,55.75125056288245,55.30844032316701,4.8349,136.24919154774585,50.95397700371982,4.85,248.26174806055616,162.53107247129935
1e-3,aramco-snapshot-2800.f32,26.051324,1.2283444787681423,65.522016,0.0005295405114985382,46.29,46.29,55.99959532837625,46.89235990115972,1.0769,153.68955510782519,60.72217581882502,1.08,223.79467606799977,162.47871340009806
1e-3,aramco-snapshot-2900.f32,24.592775,1.301195168093068,65.312329,0.0005424797813770784,46.74,46.74,55.82845910399117,47.37367000738473,1.0389,162.57038944992945,66.99471410120086,1.04,226.3025754250027,177.98435732937392
1e-3,aramco-snapshot-3000.f32,19.29736,1.658257917145143,65.135306,0.0005536492260760972,43.03,43.03,55.57917609249888,43.56539926459306,1.0189,206.65723215008825,87.188598968839,1.02,205.7599150944747,208.31410500260353
1e-3,aramco-snapshot-3100.f32,18.559047,1.724226464861046,65.1251,0.0005543001492606526,41.54,41.54,55.06878632070273,42.00247188668933,1.0185,210.68903077741072,89.70023480577659,1.02,205.65873903912652,213.3406638961124
1e-3,aramco-snapshot-3200.f32,16.92449,1.8907512131827904,65.108182,0.0005553808242473572,40.21,40.21,55.08410032638801,40.68613499350064,1.0162,192.8254603577839,94.42917704743267,1.02,205.9911762973912,215.23864907178955
1e-3,aramco-snapshot-3300.f32,16.693811,1.9168780573830624,65.107856,0.0005554016814115529,40.14,40.14,55.1992705859021,40.549730535718425,1.0159,198.3675173736301,97.65920785864056,1.02,210.5679414823333,215.51278550931568
1e-3,aramco-snapshot-3400.f32,17.052374,1.8765715553740494,65.113185,0.0005550610365330993,39.88,39.88,54.69687070808067,40.30475015452572,1.0165,199.95927286736227,97.2734207106642,1.02,208.53263949900614,211.6672181036602
1e-3,aramco-snapshot-3500.f32,17.034673,1.8785215307625804,65.112857,0.0005550819944420363,39.75,39.75,55.28169182717571,40.195387414606095,1.0163,191.91891563654895,95.60614481379444,1.02,208.47630040407424,212.58713684301702
1e-3,aramco-snapshot-3600.f32,17.214557,1.8588918669240226,65.114765,0.0005549600732321651,40.31,40.31,55.33056548872974,40.74865980815711,1.0163,223.18841062778796,95.7513362901765,1.02,211.33704713468973,213.01882088965212
1e-4,_overall,17.77907317654742,1.7998688504309415,87.52248309220627,,42.53378378378378,42.53378378378378,54.991001376644,43.04883367338142,1.5057843667652622,184.40713299507405,85.40065028912628,1.5084688929363796,247.25915639545087,197.72828029067293
1e-4,aramco-snapshot-0000.f32,31.110816,1.0285811853986728,145.968085,5.030321568828532e-08,54.78,54.78,56.22066882509236,55.5703736592399,79.6788,160.5795408108337,51.96488030269703,82.87,276.56757106889296,172.95591517576622
1e-4,aramco-snapshot-0100.f32,31.104566,1.0287878634924532,125.718064,5.177222098791904e-07,54.95,54.95,55.9090164610173,55.75753846476996,71.1875,161.78415583701647,51.785813564262,73.72,301.5568619002892,173.15432004381705
1e-4,aramco-snapshot-0200.f32,31.067891,1.0300023261958786,115.843119,1.6137790341366445e-06,53.58,53.58,55.95043772883547,54.32041357917839,53.8938,162.56845419876154,52.060044570395185,55.35,270.6169999772067,173.19487998541229
1e-4,aramco-snapshot-0300.f32,30.62716,1.0448242670884273,108.847418,3.6110134108078187e-06,51.99,51.99,55.98769300903459,52.811248617750394,22.372,163.55982644457944,52.204247926977274,22.62,273.663855501516,176.72165742441803
1e-4,aramco-snapshot-0400.f32,29.918532,1.0695711942016406,104.926209,5.6713902421391374e-06,50.29,50.29,55.86756805399536,50.97607360346038,11.991,167.2818460340087,53.456457685798924,12.06,283.60706819919625,181.441529851848
1e-4,aramco-snapshot-0500.f32,28.968105,1.1046632149393272,101.916254,8.020238910776707e-06,48.69,48.69,55.93543603790121,49.35425639659634,7.3863,174.1132467387436,55.178082350754785,7.41,273.552924294276,186.2943594019727
1e-4,aramco-snapshot-0600.f32,27.913594,1.1463948354339466,99.473406,1.0625018632161664e-05,47.99,47.99,56.109727016040885,48.652587406015165,5.1055,178.4872955112862,57.35426302786469,5.12,281.46073522933597,190.16885094417114
1e-4,aramco-snapshot-0700.f32,26.816959,1.1932747482665726,97.339325,1.3584190384638387e-05,45.86,45.86,55.70683534614538,46.48937787266309,3.8416,184.78728812929174,59.89090401471307,3.85,291.72392111563784,193.47635407951523
1e-4,aramco-snapshot-0800.f32,25.61592,1.2492231393602105,95.460461,1.6864635500909166e-05,45.2,45.2,55.831973664561836,45.73149401095486,3.0224,167.94717533259106,63.672122992595,3.03,292.9364337093629,201.97774744501103
1e-4,aramco-snapshot-0900.f32,24.266174,1.3187080913538327,93.782039,2.0459642400685376e-05,44.82,44.82,55.82242003846481,45.354300589780344,2.454,181.10300402315585,65.00307575461231,2.46,292.515148068289,205.87343301545343
1e-4,aramco-snapshot-1000.f32,22.570333,1.4177903356587604,92.207479,2.4525961725002247e-05,44.38,44.38,55.47465473308354,45.020582719289614,2.0287,186.10926527997495,72.18916908621571,2.03,277.6736227407915,219.35499579228647
1e-4,aramco-snapshot-1100.f32,20.50479,1.5606109596830788,90.754381,2.8992186410591454e-05,43.19,43.19,55.458181783178794,43.721326542110994,1.709,201.6320343731427,80.04080757440033,1.71,286.45062178250515,233.28459137361003
1e-4,aramco-snapshot-1200.f32,18.81191,1.7010500262865387,89.481805,3.3566787172812234e-05,41.91,41.91,55.341096762335795,42.421069277598114,1.5003,219.93915642892168,86.1030797969016,1.5,248.4596034483659,235.67119561431576
1e-4,aramco-snapshot-1300.f32,17.540225,1.8243779655050036,88.406737,3.7989462636905644e-05,42.56,42.56,55.2127226613542,43.06143721981721,1.3549,223.7174442674359,91.95406542496727,1.36,235.0062507495873,231.71581687763288
1e-4,aramco-snapshot-1400.f32,16.815885,1.9029625856742,87.458334,4.237242463538457e-05,41.04,41.04,55.11177650020899,41.495634517051485,1.2512,217.35103817650324,90.03094060069816,1.25,229.84072642490776,232.77694578306838
1e-4,aramco-snapshot-1500.f32,16.3489,1.9573182293609968,86.668543,4.640586066342288e-05,40.98,40.98,55.229274770731614,41.487197052800674,1.172,197.22368607279995,95.36427279930017,1.17,240.1075551797326,224.45183967233822
1e-4,aramco-snapshot-1600.f32,16.290099,1.9643833963194453,86.099209,4.95495319569564e-05,41.6,41.6,54.93389005552887,42.07590117102686,1.1194,194.13349940865456,96.15700737537449,1.12,240.11973260191036,207.0757327025649
1e-4,aramco-snapshot-1700.f32,16.507169,1.9385516680661594,85.820189,5.11670703398467e-05,39.82,39.82,54.960730835440565,40.25919428866089,1.09,198.17119099777852,91.96674677727394,1.09,238.14442481985358,202.12360052010789
1e-4,aramco-snapshot-1800.f32,16.894947,1.8940574362263465,85.70232,5.1866146363538715e-05,39.42,39.42,55.50829340545463,39.83578815648088,1.0741,194.42994687649397,91.6984404543543,1.07,240.029691086608,200.5208113056716
1e-4,aramco-snapshot-1900.f32,17.564266,1.8218808574181238,85.720866,5.175552319007113e-05,39.2,39.2,55.22635410568931,39.60171452901346,1.0768,211.66698859977228,89.37144760463735,1.08,242.47720277047273,192.40684901210918
1e-4,aramco-snapshot-2000.f32,19.052378,1.6795803652436456,85.867812,5.0887298472383496e-05,40.44,40.44,55.56542242233059,40.887781642791,1.1038,195.26607468170835,81.83199352388235,1.1,255.50040222032888,178.36226476625544
1e-4,aramco-snapshot-2100.f32,20.786353,1.5394715946563595,86.058125,4.978445329232333e-05,40.24,40.24,55.33606484653245,40.659140421213266,1.1463,182.79964536938414,74.836416848018,1.15,252.69874786062957,161.98637683373693
1e-4,aramco-snapshot-2200.f32,22.723178,1.4082537222566316,86.414963,4.778062852782729e-05,41.58,41.58,55.59601873395085,42.04144268091845,1.2152,166.87369840935284,65.83962955008916,1.22,254.4211680675091,156.99410625522844
1e-4,aramco-snapshot-2300.f32,24.240746,1.3200913866264676,86.698944,4.624372287670395e-05,42.02,42.02,55.79058646048773,42.54312246279543,1.2831,154.67047548273854,60.511352702470155,1.28,252.52240417457026,151.27523857053353
1e-4,aramco-snapshot-2400.f32,25.722413,1.2440512482246515,86.997512,4.468115653465673e-05,42.32,42.32,55.83312173248277,42.8227060312392,1.3678,149.3153788315022,60.896587333722564,1.37,245.03911603389838,144.09736828093895
1e-4,aramco-snapshot-2500.f32,26.993483,1.1854713228374418,87.26137,4.3344251226999494e-05,43.76,43.76,56.01681823461134,44.26656736607162,1.4578,145.5273609954888,60.02362363033674,1.46,242.66082522288158,147.95106070794085
1e-4,aramco-snapshot-2600.f32,27.846309,1.149164867774756,87.282733,4.323777754173553e-05,44.21,44.21,55.952619495780894,44.79002937098165,1.4876,143.93939862549016,57.14424947572993,1.49,240.6596130762794,153.06248961497525
1e-4,aramco-snapshot-2700.f32,25.759658,1.2422525174829573,85.515259,5.2995265324184013e-05,43.08,43.08,55.878340141945735,43.56961516966967,1.0855,155.54263398459435,62.05068728922222,1.09,243.85747839800698,161.22504972398355
1e-4,aramco-snapshot-2800.f32,18.012442,1.7765497870860598,85.121122,5.5455408948461734e-05,38.85,38.85,55.15452360045906,39.25138213061443,1.0168,217.69754468824658,93.39439952437456,1.02,211.60677133942957,209.86185054511657
1e-4,aramco-snapshot-2900.f32,16.947042,1.8882351268144613,85.107001,5.5545637054899987e-05,39.12,39.12,55.05435667002577,39.562503838369764,1.0156,192.28619439262732,98.0692637267669,1.02,207.94753076625258,214.53156493706115
1e-4,aramco-snapshot-3000.f32,12.130214,2.6380408457756803,85.079701,5.572049461407883e-05,35.98,35.98,53.61838687615101,36.35824487349242,1.0095,218.0701213973333,130.6716826047876,1.01,207.61470461800909,221.25362681919216
1e-4,aramco-snapshot-3100.f32,11.206157,2.8555730568472315,85.079466,5.572200346171299e-05,35.8,35.8,52.957893180311586,36.17232355037829,1.0086,180.6123644112243,132.46309333461252,1.01,203.12106706035516,224.83722842420565
1e-4,aramco-snapshot-3200.f32,9.2864479,3.4458816056029344,85.078477,5.572834586588646e-05,35.11,35.11,52.0374078638189,35.448503352258676,1.016,193.48772715336096,145.26257528231963,1.02,205.43208534921283,230.10870922016326
1e-4,aramco-snapshot-3300.f32,9.0054216,3.553414978372584,85.078514,5.5728105208160284e-05,34.32,34.32,51.761978098383054,34.633776812129085,1.0155,196.4842115122605,149.32204250872138,1.02,201.19516097264795,231.28563344015134
1e-4,aramco-snapshot-3400.f32,9.2203935,3.470567714924531,85.079499,5.572179007652857e-05,35.03,35.03,52.0655468138404,35.37945384793446,1.0161,194.6509210272762,146.10668195008546,1.02,201.3346757783443,231.48532810408577
1e-4,aramco-snapshot-3500.f32,9.1213724,3.508244000650604,85.078249,5.572980806543552e-05,34.68,34.68,51.98495699535401,35.051542248612755,1.0159,193.5198985287248,150.99369506726404,1.02,201.95690395785897,230.34353227216997
1e-4,aramco-snapshot-3600.f32,9.1604216,3.49328899883822,85.078084,5.573086902624302e-05,34.96,34.96,52.26425697526646,35.37120044138322,1.0159,195.73418778468059,142.96021666047514,1.02,204.50918106673006,232.64351621806864
1e-5,_overall,10.9078446960395,2.933668464460151,107.04277367602967,,39.53918918918919,39.53918918918919,53.33371294215403,40.05388980405896,1.3407660216123753,197.82261775644767,112.79608422580316,1.340680542791417,231.30357016873538,222.72822346587714
1e-5,aramco-snapshot-0000.f32,31.110326,1.0285973859611757,166.141392,4.9309479281926094e-09,54.35,54.35,56.03446091805459,55.20548639137626,76.2758,161.60675048557871,51.56538672877028,79.2,283.65216845228775,172.95863930017546
1e-5,aramco-snapshot-0100.f32,31.093297,1.0291607223254582,143.610253,6.599140172192782e-08,54.33,54.33,56.134926134163784,55.26754845671365,68.9261,162.13866399571896,51.95656075316828,71.3,279.33810773435675,175.6234637735807
1e-5,aramco-snapshot-0200.f32,31.000682,1.0322353553383115,134.661746,1.8488968915163872e-07,55.94,55.94,56.19156386537595,56.79099551379447,44.101,163.29474337475523,51.642851351754956,45.07,282.39622683618387,173.06383551244727
1e-5,aramco-snapshot-0300.f32,29.970713,1.0677089997825544,128.418712,3.793712485530251e-07,51.92,51.92,56.031490051288884,52.70174197803777,15.1388,167.9814131983645,53.549483907499564,15.25,265.1637437446806,177.97257075319956
1e-5,aramco-snapshot-0400.f32,28.405488,1.1265428708705867,124.651763,5.853448891689873e-07,50.13,50.13,56.0037356791953,50.92710603845736,7.6481,163.84921153608502,56.401741332456844,7.68,283.8523471174614,186.87572263156014
1e-5,aramco-snapshot-0500.f32,26.482779,1.2083324034837883,121.694632,8.227509744796801e-07,48.84,48.84,55.7708587048916,49.508000297107024,4.7579,168.9056022401665,60.35664615624555,4.77,284.8982319591317,195.91778698224394
1e-5,aramco-snapshot-0600.f32,24.535373,1.3042393934667307,119.238772,1.0915945988829827e-06,46.91,46.91,55.76819767212607,47.63939238006943,3.4128,183.95297534480494,65.1000683091085,3.42,300.5221067798819,211.46804879713233
1e-5,aramco-snapshot-0700.f32,22.64331,1.413220946937528,117.105608,1.3954670718168503e-06,45.16,45.16,55.513391616652605,45.71597607281178,2.6543,184.4558228565406,71.4293003173202,2.66,294.8836732228352,220.42888152222798
1e-5,aramco-snapshot-0800.f32,20.756655,1.5416742244836656,115.219428,1.7339182038609862e-06,43.26,43.26,55.47092349370874,43.77193302924047,2.1722,202.52780582069622,77.70495762533253,2.17,299.5640549490276,237.88121462827885
1e-5,aramco-snapshot-0900.f32,18.738072,1.707753070860225,113.537762,2.1043205345502598e-06,42.59,42.59,55.22156764817933,43.11327537916177,1.8329,221.30388645869607,87.46991386207654,1.83,264.216900236348,249.43206111134063
1e-5,aramco-snapshot-1000.f32,16.451847,1.9450703620085938,111.994,2.513622318290841e-06,41.39,41.39,55.08903493435981,41.90441006558149,1.5789,211.43919618951182,92.68378571401932,1.58,258.2743831247392,246.86314381142225
1e-5,aramco-snapshot-1100.f32,13.998357,2.2859825620963945,110.556075,2.9661714406133804e-06,40.0,40.0,54.40933580963008,40.50612011892057,1.3908,229.40182917856788,111.4241800371542,1.39,239.0762388435621,251.59491801672436
1e-5,aramco-snapshot-1200.f32,12.123803,2.6394358271905274,109.302621,3.4266436329541778e-06,39.04,39.04,54.010040187883256,39.61422110833299,1.2694,236.68919530487545,127.85683968882812,1.27,231.39198035400332,257.0105094901407
1e-5,aramco-snapshot-1300.f32,10.825348,2.956025062658494,108.245068,3.870317716660427e-06,39.4,39.4,53.78739989295312,39.98336885740502,1.1882,185.02962800551995,132.9708512232901,1.19,229.39305348993105,251.96932334378673
1e-5,aramco-snapshot-1400.f32,10.018678,3.1940341829530805,107.316795,4.3068548017496284e-06,37.19,37.19,53.22014113108915,37.69786947680187,1.1292,175.87978708427482,142.61754755797415,1.13,215.0405209272579,249.54484827618836
1e-5,aramco-snapshot-1500.f32,9.4856319,3.373523275766162,106.526723,4.716978060971537e-06,37.09,37.09,52.869640997704394,37.61839336974848,1.0835,188.6259042368378,149.0481981368769,1.08,213.45056894642164,242.36738216342331
1e-5,aramco-snapshot-1600.f32,9.3182384,3.434125488783373,105.94362,5.04451038005216e-06,37.81,37.81,52.85497935641285,38.32817129387907,1.0515,194.92322338500406,150.4535759554054,1.05,206.80795520914214,241.48689017077305
1e-5,aramco-snapshot-1700.f32,9.4397479,3.3899210380395854,105.573363,5.264193696461326e-06,36.07,36.07,52.48524045909784,36.48751688248938,1.0302,188.19862291635368,149.04674402855298,1.03,204.36011383256493,235.59095380939644
1e-5,aramco-snapshot-1800.f32,9.7748218,3.2737169694489983,105.342531,5.405967759660674e-06,35.95,35.95,52.87367991921766,36.35186446433268,1.0168,180.20995201261866,147.43534258538833,1.02,207.74571419422276,240.61294658912965
1e-5,aramco-snapshot-1900.f32,10.343133,3.0938401352858946,105.214744,5.486088320544446e-06,35.87,35.87,53.00770940650657,36.345299175060546,1.0109,178.84692951888798,132.16774931259687,1.01,209.35803488175821,227.29233246310687
1e-5,aramco-snapshot-2000.f32,11.479629,2.7875465313382515,105.158059,5.5220085105778836e-06,36.53,36.53,53.664476778308675,36.922348446424856,1.0108,213.90949451005326,122.48463501028768,1.01,209.80090262245912,218.7814512775188
1e-5,aramco-snapshot-2100.f32,12.855361,2.4892338690449844,105.135924,5.536098415796541e-06,36.29,36.29,54.13144843936429,36.6603441118258,1.0121,212.3346344190507,109.82389563615723,1.01,214.7291112617705,211.44838063135413
1e-5,aramco-snapshot-2200.f32,14.681274,2.1796473521303397,105.141186,5.532745358879254e-06,36.69,36.69,54.54527233911785,37.043467221884555,1.0146,209.10873139607742,102.8947583868281,1.02,217.15050323751976,203.8328816187513
1e-5,aramco-snapshot-2300.f32,16.172968,1.978610234064644,105.14599,5.529686071296565e-06,36.87,36.87,54.85175178632421,37.30782575988026,1.0161,203.533793880428,97.1707854813099,1.02,214.88397709304166,198.37968137383024
1e-5,aramco-snapshot-2400.f32,17.637804,1.8142848168626888,105.148952,5.527800764819407e-06,37.26,37.26,54.96345230174201,37.664892503599546,1.0177,215.87764694323397,90.42722922840304,1.02,216.55039584298783,192.54850467812466
1e-5,aramco-snapshot-2500.f32,18.939305,1.68960793439886,105.15675,5.522840240621732e-06,37.84,37.84,54.988060425768786,38.26910604124874,1.0195,207.26938315702606,87.21440012773517,1.02,214.28274080317127,191.08283776345783
1e-5,aramco-snapshot-2600.f32,19.851614,1.6119596119489326,105.163927,5.5182788989076e-06,37.75,37.75,55.38792006473426,38.21530256246204,1.02,201.76272044934223,84.79391608690501,1.02,208.42255518285393,198.72750774258034
1e-5,aramco-snapshot-2700.f32,17.585161,1.8197160662902092,105.120567,5.54589504842085e-06,37.92,37.92,55.08420347987638,38.33613038723629,1.0163,217.65084506797405,94.42567145655595,1.02,204.18936702015012,213.93920037036193
1e-5,aramco-snapshot-2800.f32,10.949152,2.9226007639678397,105.079521,5.572164954044472e-06,35.71,35.71,53.14814929498819,36.04837093665425,1.0087,180.31800661649538,139.9796566868867,1.01,205.51659279968715,224.67178767112782
1e-5,aramco-snapshot-2900.f32,9.632521,3.322079443169654,105.077912,5.5731973326034215e-06,34.52,34.52,52.73397586387719,34.868514442617524,1.0074,188.93674737476442,147.3235077625688,1.01,207.07877501599407,229.48522705646414
1e-5,aramco-snapshot-3000.f32,6.249918,5.120067175281339,105.079409,5.572236791649673e-06,32.17,32.17,49.8313907774217,32.47670355227434,1.0108,224.05883437554513,140.68685923671703,1.01,201.98132504240124,238.88880772913296
1e-5,aramco-snapshot-3100.f32,5.7664667,5.549325378051694,105.078054,5.573105725588158e-06,31.83,31.83,49.06502424284216,32.16201745613182,0.9993,220.60822909081853,147.02093305989771,1.0,188.87067042156258,246.75935655143226
1e-5,aramco-snapshot-3200.f32,4.8750637,6.564016794283119,105.077163,5.5736776495704e-06,31.4,31.4,47.69900467696439,31.911466835849314,1.0143,217.73018332599764,166.35947914070871,1.01,201.37531926866953,242.6695094826129
1e-5,aramco-snapshot-3300.f32,4.7331015,6.760894521277433,105.078147,5.573046435573081e-06,31.31,31.31,47.85127180895732,31.746147103629077,1.0145,214.7150799954777,173.62139958473819,1.01,199.2236661381673,248.88032282606133
1e-5,aramco-snapshot-3400.f32,4.8481065,6.600515067067937,105.078258,5.5729752735379975e-06,31.8,31.8,47.68341125832595,32.22233374603667,1.0143,213.87856900826378,170.14968468722296,1.01,200.108565877733,245.1246391742288
1e-5,aramco-snapshot-3500.f32,4.803561,6.661724499803375,105.077329,5.57357085179141e-06,31.78,31.78,47.36268585802102,32.19273454994286,1.0142,215.15345290911057,168.90992384585388,1.01,198.5074207534532,244.96809680858686
1e-5,aramco-snapshot-3600.f32,4.8274468,6.6287628483031655,105.078491,5.572825383245456e-06,32.04,32.04,47.60756158457305,32.46752674316153,1.0142,213.3293613250466,167.2866563521212,1.01,202.17408302578903,244.80060233554863
5e-3,_overall,27.89692820562365,1.1470796986726743,56.3071491168515,,53.25702702702703,53.25702702702703,55.95862289008895,54.06273865251797,2.5713690778889515,157.12546879140052,58.11476465714746,2.5764489343513746,257.29734939969006,174.80021630211962
5e-3,aramco-snapshot-0000.f32,31.111408,1.0285616131548916,113.151545,2.2000004102136095e-06,55.27,55.27,55.97132226588001,56.0749102587029,76.6648,160.06902005035323,51.47399526880552,79.61,285.0103532247045,173.2907524005535
5e-3,aramco-snapshot-0100.f32,31.11055,1.0285899799264238,97.133965,1.3909187923210478e-05,54.79,54.79,56.23741872945206,55.676503379782964,75.6726,162.41990730636738,51.56524980363583,78.55,276.56993576427453,173.970453629268
5e-3,aramco-snapshot-0200.f32,31.106363,1.0287284309001343,84.845746,5.7241720494014896e-05,54.6,54.6,55.86767416268294,55.36904922256352,70.2282,161.62733944199815,51.83604483785177,72.7,296.978075046946,174.34138777568535
5e-3,aramco-snapshot-0300.f32,31.026324,1.0313822546299716,76.273819,0.00015357095129239027,54.6,54.6,56.034318593899435,55.40777786911292,35.747,161.74939746138662,51.75768790105996,36.38,286.2377502099353,175.3028694234659
5e-3,aramco-snapshot-0400.f32,30.894428,1.0357854820940526,72.107886,0.0002480879619742987,55.07,55.07,56.0741976174142,55.99508251027694,21.4381,162.8822586600264,52.16876111241394,21.66,279.3763701512997,176.05670663380715
5e-3,aramco-snapshot-0500.f32,30.709748,1.0420144118408265,69.247967,0.0003448273159690364,56.29,56.29,56.07877665339928,57.113030071643365,13.6105,164.1636927402366,52.37511271410985,13.7,285.52476924931455,176.58757275926266
5e-3,aramco-snapshot-0600.f32,30.501221,1.0491383279377569,67.008068,0.0004462688962677684,54.86,54.86,56.0031847817601,55.673061050122016,9.4668,166.12118827070466,52.918616749388946,9.51,273.1335015267965,175.89777571270622
5e-3,aramco-snapshot-0700.f32,30.268854,1.0571923205285538,65.171995,0.0005513155473237745,54.73,54.73,56.11950415693719,55.697851813152795,6.9714,164.74778405847792,53.12251286571809,7.0,284.26060712742054,174.36464035280054
5e-3,aramco-snapshot-0800.f32,30.017446,1.066046724961211,63.529604,0.0006660698838967478,55.3,55.3,55.96285656041541,56.112028262682344,5.3267,166.50161965607637,53.567678973261636,5.34,270.18925803525565,175.9934280443366
5e-3,aramco-snapshot-0900.f32,29.698705,1.0774880588227669,61.941499,0.0007996962427817187,53.8,53.8,55.84898756576124,54.65791037376367,4.1877,166.92717960452288,53.78974527073512,4.2,266.05887614213896,176.52955850495533
5e-3,aramco-snapshot-1000.f32,29.234971,1.0945795020627864,60.346879,0.000960851045366301,53.67,53.67,56.134694027717686,54.476849336210456,3.3241,168.73845851147104,54.6350621756887,3.33,277.8422234059692,176.3181118071468
5e-3,aramco-snapshot-1100.f32,28.585724,1.119439899440714,58.845494,0.0011421557273188555,54.17,54.17,56.12296622423583,55.06062576766304,2.6683,154.290005702539,57.01500037578136,2.67,274.83057503640333,177.4973800653404
5e-3,aramco-snapshot-1200.f32,27.947877,1.1449885799912458,57.612346,0.0013163842479845854,53.98,53.98,56.02179689883991,54.847405021923635,2.2292,154.05391315192057,58.075705674457886,2.23,271.07563564232174,178.26331709029012
5e-3,aramco-snapshot-1300.f32,27.477163,1.1646034927259412,56.670599,0.0014671349000062437,54.08,54.08,56.12915975025491,54.94374060360263,2.0064,156.0231374235772,58.88054159443592,2.01,269.7900084616022,177.47949825795988
5e-3,aramco-snapshot-1400.f32,27.256356,1.174038084914946,56.038409,0.0015779001849661205,53.13,53.13,56.16177415580099,53.8609707667211,1.9903,152.88995355807143,59.64623538219824,1.99,265.8999389410086,183.1220393973824
5e-3,aramco-snapshot-1500.f32,27.135212,1.1792795280169546,55.556854,0.0016678512774815093,53.57,53.57,55.96910354196275,54.365859868520296,2.0213,152.59251940684445,58.80292696490178,2.02,260.91557875470704,186.12933685889817
5e-3,aramco-snapshot-1600.f32,27.216459,1.175759124285786,55.35748,0.001706577466633689,54.87,54.87,55.852345635080056,55.86763879307563,2.0539,152.48042220048782,59.288299439475445,2.06,252.36174483742008,189.56639953643435
5e-3,aramco-snapshot-1700.f32,27.475968,1.1646541443053071,55.543349,0.0016704464300375578,54.66,54.66,56.00204747940399,55.47259725863818,2.0624,146.6270973590332,59.608205947462686,2.06,247.81789664755115,186.38114789648697
5e-3,aramco-snapshot-1800.f32,27.859934,1.1486028646011868,56.125978,0.0015620721525448494,55.55,55.55,55.76927262830068,56.38330393885596,2.1375,145.61509597474864,59.20921136938699,2.14,243.20147200681254,175.3463225983573
5e-3,aramco-snapshot-1900.f32,28.309824,1.130349662364556,56.910159,0.001427223662171148,55.76,55.76,56.12898124334382,56.60077905685751,2.3062,139.0050992879042,59.43257796258404,2.31,247.23349056008945,176.94822031003676
5e-3,aramco-snapshot-2000.f32,28.947113,1.1054642996695387,58.087392,0.0012463223645794784,55.87,55.87,55.97426900317526,56.761753589262646,2.7278,141.8168256473655,56.75630183414822,2.73,250.69855954899418,168.3135205452611
5e-3,aramco-snapshot-2100.f32,29.537374,1.0833732206525875,59.524303,0.0010562940311499818,56.22,56.22,56.12730333387665,57.084046478091864,3.4088,141.02977733576594,55.60502904568089,3.41,251.98842806012698,168.21930197527396
5e-3,aramco-snapshot-2200.f32,30.053187,1.0647789201191873,61.408339,0.0008503213101342447,54.15,54.15,56.00645478335941,54.92879515129341,4.5559,138.87145514459482,55.74658473061836,4.57,254.53346459581422,165.48117941711638
5e-3,aramco-snapshot-2300.f32,30.386074,1.053114002157699,63.101727,0.0006997028375488298,54.48,54.48,55.88444439970507,55.32329829847201,6.0416,138.39735855819808,53.86747362829081,6.06,264.20398216750624,162.78756569423925
5e-3,aramco-snapshot-2400.f32,30.65427,1.0439002461973488,64.898928,0.0005689231394025639,53.83,53.83,56.02313061989194,54.66221022334443,8.7614,139.79636840857486,53.65944242770422,8.8,260.753783275496,164.7620059158354
5e-3,aramco-snapshot-2500.f32,30.854208,1.0371356801639504,66.926483,0.00045048034597278336,56.14,56.14,56.206345274839336,57.00927594635849,13.5391,142.946191293298,54.773774233880545,13.63,259.44007577978107,169.11467569751105
5e-3,aramco-snapshot-2600.f32,30.978992,1.0329580768799707,68.990162,0.000355215486556878,56.57,56.57,55.723122089379714,57.560258531017325,20.7004,146.47180196510297,52.447838169591094,20.91,256.53341018253167,169.39503964479255
5e-3,aramco-snapshot-2700.f32,30.990361,1.032579130007553,67.582861,0.0004176927553688475,57.25,57.25,56.09317787294073,58.34572886384222,18.0642,141.58223846967002,53.101260258503714,18.22,260.56936128312617,165.3985815579695
5e-3,aramco-snapshot-2800.f32,30.168586,1.0607059939766483,56.428949,0.001508525209610421,55.89,55.89,56.03430080343088,56.68045120238314,2.8863,136.58322295457114,50.024863123876635,2.89,241.50151112905348,143.0490171554722
5e-3,aramco-snapshot-2900.f32,29.540874,1.083244862694313,54.185342,0.0019531379630786465,51.58,51.58,55.90311932069729,52.29698051130367,1.7697,138.0926791557169,51.08783800001655,1.77,242.78452824256078,133.5488570947992
5e-3,aramco-snapshot-3000.f32,25.021144,1.2789183420230505,51.369853,0.0027008927727236367,47.84,47.84,55.69199913259304,48.45157185962261,1.0484,158.86584359092794,66.43318865697401,1.05,247.3834200342721,179.49572373049344
5e-3,aramco-snapshot-3100.f32,24.098442,1.3278866741675666,51.284349,0.0027276116529175603,47.37,47.37,55.7388550457358,47.96958603981989,1.0387,163.4758807962266,64.46879393377657,1.04,220.27548904207626,190.72186092893102
5e-3,aramco-snapshot-3200.f32,21.827729,1.4660251645968299,51.213209,0.0027500433508616546,46.46,46.46,55.65548721686715,47.10139038810272,1.0267,188.35252957494833,75.63984985025989,1.03,209.5094289014428,189.69143435996205
5e-3,aramco-snapshot-3300.f32,21.555385,1.4845478287676142,51.211829,0.0027504803067969967,45.86,45.86,55.45178698898719,46.46881404577307,1.0267,189.03909502251068,76.20699549671443,1.03,215.1954321689049,196.3678962769209
5e-3,aramco-snapshot-3400.f32,21.956222,1.4574456388717512,51.22189,0.0027472963962325908,46.22,46.22,55.82575725526777,46.82875583385983,1.0277,185.24793885558606,73.37375744799608,1.03,220.73480236219217,184.83900300822273
5e-3,aramco-snapshot-3500.f32,21.995375,1.4548513039673114,51.237995,0.002742207247126266,46.12,46.12,55.724054556128365,46.71440056366143,1.0274,183.56446688686833,75.05174770544875,1.03,223.0801517017095,180.52488248197417
5e-3,aramco-snapshot-3600.f32,22.318362,1.4337969784700149,51.245727,0.0027397671582915398,45.91,45.91,55.915056563872874,46.477037393084196,1.0278,179.9835817951455,72.83238138762167,1.03,226.5080385409719,176.51053863847707
5e-4,_overall,23.116195923339806,1.3843108142066949,74.59144375992214,,46.99054054054054,46.99054054054054,55.64820913188529,47.62036867347729,1.854354703485182,170.5232425734558,69.15908232513041,1.8543281566911314,253.0868098910332,188.78545024834793
5e-4,aramco-snapshot-0000.f32,31.111143,1.0285703742867949,133.980677,1.999706102955173e-07,54.46,54.46,56.09660103260069,55.258584927175725,79.7949,162.1174363371412,51.69913506026131,83.0,278.3013339397279,172.449367431524
5e-4,aramco-snapshot-0100.f32,31.10816,1.0286690051742051,113.720232,2.060574913966819e-06,53.74,53.74,56.01464923625487,54.540097572893636,75.6784,161.7654645272097,51.89349869337179,78.55,299.9914536748254,173.1395987517791
5e-4,aramco-snapshot-0200.f32,31.09246,1.029188427033435,102.918251,7.1464020165554575e-06,54.85,54.85,55.92714068566724,55.649538153623226,59.6065,161.6259438918644,51.85140696962505,61.39,282.01029160782383,172.7210062525036
5e-4,aramco-snapshot-0300.f32,30.848281,1.0373349490689612,95.391915,1.6998252410001055e-05,54.6,54.6,56.17072920427028,55.40835190525864,27.5417,162.97954143399474,52.20080038411277,27.91,279.7942988311303,176.83781480848614
5e-4,aramco-snapshot-0400.f32,30.462957,1.0504561326728723,91.357084,2.7048662679457226e-05,52.47,52.47,56.25211670208306,53.1942997338184,15.3778,164.58860937169487,52.668624323309295,15.49,288.75604785627723,178.55033728391103
5e-4,aramco-snapshot-0500.f32,29.949531,1.0684641438959428,88.295822,3.847768199249645e-05,51.09,51.09,56.13183749017695,51.80379002340304,9.7276,166.50433098567038,53.37742667407765,9.77,284.62718712542727,179.83768561538227
5e-4,aramco-snapshot-0600.f32,29.390271,1.0887956766373472,85.918689,5.05901004488144e-05,50.61,50.61,55.84782117301846,51.29563635197549,6.7613,169.9800776770768,54.52004815673818,6.78,288.7046242392197,183.080981224871
5e-4,aramco-snapshot-0700.f32,28.814629,1.1105470072163692,83.801924,6.455111934079603e-05,49.43,49.43,56.10920970751074,50.06545140067678,5.0474,175.0406300014771,55.66582198825511,5.06,272.6594428869162,183.691870351838
5e-4,aramco-snapshot-0800.f32,28.175738,1.1357289026466673,81.926895,8.010419559898933e-05,47.02,47.02,56.04700607410166,47.60608480533341,3.894,175.63671847138534,56.704910402059355,3.9,288.2741003987062,186.42583117748472
5e-4,aramco-snapshot-0900.f32,27.445773,1.1659354611728372,80.257964,9.70737436894453e-05,47.05,47.05,55.723139682803094,47.71112561322376,3.1124,169.4401210280176,58.52725674598451,3.12,291.23671889469244,188.51157226767148
5e-4,aramco-snapshot-1000.f32,26.402698,1.2119973496647956,78.607401,0.00011738969039702173,46.78,46.78,55.98827912420974,47.44580357563623,2.5165,162.56010485417386,61.73851772993993,2.52,281.52597673753604,193.23984712234204
5e-4,aramco-snapshot-1100.f32,24.976808,1.2811885329782733,77.086406,0.00013985554155755307,46.05,46.05,55.784626114261386,46.66521647200204,2.0619,173.32624323511692,64.78410492295717,2.06,284.19257899811964,196.80716032222725
5e-4,aramco-snapshot-1200.f32,23.775743,1.3459095684202174,75.75333,0.00016305475821393222,45.64,45.64,55.762400672077376,46.21994911678392,1.7625,173.30581876829197,68.60016987937976,1.76,267.54808010066193,207.86070459209412
5e-4,aramco-snapshot-1300.f32,22.862396,1.3996783189303519,74.652077,0.00018509561312007804,46.23,46.23,55.55305693233571,46.82642000640264,1.5597,175.31762512553692,71.97964836957523,1.56,267.4498797235381,207.78621146479878
5e-4,aramco-snapshot-1400.f32,22.321926,1.4335680532226474,73.805889,0.0002040354124641877,44.76,44.76,55.329628798566354,45.30102946145561,1.4518,181.54566537612914,72.21384935978197,1.45,267.403478274773,208.33120904375232
5e-4,aramco-snapshot-1500.f32,21.958532,1.4572923180839228,73.214641,0.00021840770104933525,45.41,45.41,55.778931470335586,45.978921632509284,1.3785,174.84843694893345,73.31283703360855,1.38,263.5569566391846,198.5580906066991
5e-4,aramco-snapshot-1600.f32,21.971526,1.4564304727855497,72.956765,0.00022498923097186542,45.01,45.01,55.90616513573019,45.56298537544733,1.342,176.15525432815699,74.21106232725084,1.34,258.78478084291106,188.59154314943675
5e-4,aramco-snapshot-1700.f32,22.216507,1.4403704416720413,72.896803,0.0002265477889507543,45.3,45.3,55.80372840865887,45.86152291634935,1.3206,168.59302615179908,74.68508754769077,1.32,257.5240985565603,195.01432129499145
5e-4,aramco-snapshot-1800.f32,22.631801,1.4139396153227046,72.958872,0.00022493468202369637,45.33,45.33,55.87892396979261,45.93905635255239,1.3234,168.7073584390924,70.73955856756719,1.32,258.70252575930886,191.28554102454393
5e-4,aramco-snapshot-1900.f32,23.249378,1.3763809079107407,73.233898,0.00021792401629438114,46.03,46.03,55.90655474066373,46.76154494474461,1.3681,161.5969997377037,67.12631454865564,1.37,250.50094573912253,189.174159182575
5e-4,aramco-snapshot-2000.f32,24.485842,1.3068776642436881,73.856457,0.00020285099531084185,48.43,48.43,55.773326114470194,49.18413319052473,1.4885,152.81224674624423,62.3599881863645,1.49,248.06745782374887,174.60872225113485
5e-4,aramco-snapshot-2100.f32,25.831781,1.2387841163565145,74.622881,0.0001857188347628898,49.2,49.2,56.08676057449744,49.91665821661006,1.6666,148.37322733241012,60.2707336997426,1.67,240.98089631076542,168.3825505767651
5e-4,aramco-snapshot-2200.f32,27.204004,1.1762974303341522,75.685998,0.00016432366340897586,49.4,49.4,56.1055888148673,50.06117690362896,1.9647,140.20544222304045,59.64646313285224,1.97,243.6769953900856,164.2943761463138
5e-4,aramco-snapshot-2300.f32,28.206251,1.1345002921515517,76.730335,0.00014570795880841392,50.15,50.15,56.05083301965946,50.94721709541247,2.3393,140.21897965140664,59.71457233894841,2.34,248.4566291281913,170.32697484659107
5e-4,aramco-snapshot-2400.f32,29.079643,1.1004261641038715,77.933299,0.00012686301655753985,51.31,51.31,55.867055201020726,52.01009630008033,2.8789,141.22141263655007,55.37593102349173,2.88,242.84579226051113,171.7958005031333
5e-4,aramco-snapshot-2500.f32,29.767655,1.0749923028871438,79.068427,0.0001113213921790495,52.72,52.72,56.07204198778349,53.58410319781273,3.5805,139.99164539505247,55.216236008542495,3.59,244.74411417012436,164.5461302667424
5e-4,aramco-snapshot-2600.f32,30.254434,1.057696204133252,79.930749,0.00010080046306403191,52.81,52.81,56.24998322706388,53.56385639331455,4.4011,138.46998237632886,53.34247121928649,4.41,244.04002060496867,161.61160938999254
5e-4,aramco-snapshot-2700.f32,29.897367,1.070328367043158,76.404453,0.00015127854875963633,52.94,52.94,55.930490435563165,53.694174703183094,2.6946,138.8074461246794,51.57955821867796,2.7,242.73038934170907,150.9616169391971
5e-4,aramco-snapshot-2800.f32,23.631296,1.3541364807076177,71.271452,0.0002731664900772025,43.93,43.93,56.05597796994083,44.44302469611546,1.0304,171.0407771291635,69.67855141432966,1.03,227.25461092213135,178.02477911291297
5e-4,aramco-snapshot-2900.f32,22.05615,1.4508425087787307,71.213847,0.00027498414769165484,44.23,44.23,55.718987942927896,44.77423495195491,1.0235,183.19067294798685,73.61146038512419,1.02,209.9509403538042,199.24950671575047
5e-4,aramco-snapshot-3000.f32,17.332188,1.846275842380662,71.131566,0.00027760143054736646,40.56,40.56,55.03792638765678,40.98942777057464,1.0163,216.47111867769794,96.55971611476741,1.02,207.97780728741063,215.44518920529183
5e-4,aramco-snapshot-3100.f32,16.643879,1.9226287333619767,71.124522,0.00027782663276733945,39.95,39.95,54.77725330812461,40.397161243759385,1.0154,196.77687095717968,97.27601078943843,1.02,206.84909531329,214.7584255942259
5e-4,aramco-snapshot-3200.f32,14.718364,2.1741546818654576,71.112268,0.00027821887754956925,37.98,37.98,54.489211348694,38.38967363341548,1.0125,203.8757825594494,100.24710763624076,1.01,206.91177379974417,216.9795531813943
5e-4,aramco-snapshot-3300.f32,14.393583,2.2232129414892734,71.110056,0.00027828975611030423,38.05,38.05,54.17182308349331,38.51917305192449,1.0121,204.36216683405814,107.0622288681774,1.01,211.11794094427492,214.4258885360151
5e-4,aramco-snapshot-3400.f32,14.7419,2.1706835618203897,71.114704,0.00027814085462613366,38.0,38.0,53.948377446542075,38.38976548822452,1.0126,198.9499749143128,103.47775162121314,1.01,212.32998174027537,216.50777073285025
5e-4,aramco-snapshot-3500.f32,14.64103,2.185638578706553,71.115589,0.00027811253009848893,38.55,38.55,54.19795744477084,39.02254469890876,1.0125,202.85567092183922,105.22383708921814,1.01,210.09647568424734,217.49594740291886
5e-4,aramco-snapshot-3600.f32,14.735824,2.1715785964870373,71.116424,0.00027808580610016125,38.58,38.58,54.437597217560956,38.97180904194963,1.0125,206.10115109999887,109.74334859920772,1.01,204.63624406648327,213.75196481873098
5e-5,_overall,15.499695337215915,2.0645567092641897,93.22331829351334,,41.32945945945946,41.32945945945946,54.53724501728551,41.82177517853644,1.4213957952193097,192.17966334164552,94.54468622538226,1.4213314501619951,243.05714546560273,204.95930442687515
5e-5,aramco-snapshot-0000.f32,31.110653,1.0285865745087381,152.282848,2.4314066771273867e-08,54.69,54.69,56.115418039499104,55.52282228320339,76.3438,162.41936957254185,51.66275444803422,79.27,280.9520473667661,170.95539237071307
5e-5,aramco-snapshot-0100.f32,31.101952,1.0288743291739373,131.153094,2.7691423685620464e-07,54.65,54.65,56.1509282510966,55.546412973827465,69.7302,161.42952888562536,51.64687068545363,72.16,289.2827691368018,173.68831071554294
5e-5,aramco-snapshot-0200.f32,31.052252,1.0305210713863846,121.504292,8.409794403829976e-07,55.26,55.26,56.08526341613177,56.26951325073801,51.3909,162.27649528362136,51.80520917548852,52.71,282.375452556697,175.1618931540063
5e-5,aramco-snapshot-0300.f32,30.503322,1.0490660656567177,114.672993,1.8465045042884228e-06,51.65,51.65,56.073609701986975,52.39085582697289,20.2552,165.7314833297628,52.783428409655606,20.46,281.6362285955517,177.09153649201193
5e-5,aramco-snapshot-0400.f32,29.614145,1.080564709870908,110.81738,2.878266597568162e-06,50.06,50.06,56.2246986390486,50.78361547082666,10.6191,168.7691262718816,53.943091961711055,10.67,285.19212190629366,178.04910885145253
5e-5,aramco-snapshot-0500.f32,28.438755,1.1252250669904502,107.836308,4.056809187258534e-06,48.12,48.12,56.09932916209401,48.747904586686516,6.5697,176.62727448845718,56.40950145138622,6.59,288.16752955174735,185.05414827130343
5e-5,aramco-snapshot-0600.f32,27.136098,1.1792410242622207,105.38129,5.381898157744468e-06,47.73,47.73,55.96454239815214,48.31504704836255,4.5736,182.69613861662296,59.17792970849531,4.58,282.29919643571634,193.56819007983538
5e-5,aramco-snapshot-0700.f32,25.757851,1.2423396656809609,103.250907,6.877880748940915e-06,45.17,45.17,55.819612847619446,45.77061986527697,3.4296,175.29421723390388,61.538119370948,3.44,280.999850854611,198.26100588075332
5e-5,aramco-snapshot-0800.f32,24.273012,1.3183365953924464,101.389504,8.521671325193329e-06,44.4,44.4,55.46647804604876,44.95137052553781,2.715,174.24865132755613,66.47754281191726,2.72,294.7084842167746,210.38911234364187
5e-5,aramco-snapshot-0900.f32,22.666786,1.4117572733955313,99.722533,1.0324602228389578e-05,43.13,43.13,55.24535259853837,43.63861581604199,2.2273,195.20388646176067,71.44928147983015,2.23,289.3241908140127,226.1353573183872
5e-5,aramco-snapshot-1000.f32,20.746802,1.5424063911151222,98.155482,1.2365905034586686e-05,42.92,42.92,54.99176125559896,43.40594667908952,1.8644,202.31317229544092,79.24825462579545,1.87,289.9013177712207,240.79665615598674
5e-5,aramco-snapshot-1100.f32,18.498032,1.7299137551497372,96.697736,1.462558402414828e-05,41.73,41.73,55.23819421608493,42.28659985009631,1.5917,224.0940275512555,88.72361772070185,1.59,251.6093701746375,238.7166562505568
5e-5,aramco-snapshot-1200.f32,16.681233,1.91832342369416,95.436918,1.6910408320769248e-05,40.49,40.49,54.815260364587246,40.92493826094206,1.4147,225.9946783824771,87.89777154544814,1.42,240.80860486057102,237.86346365004604
5e-5,aramco-snapshot-1300.f32,15.332963,2.087006927493401,94.366245,1.9128800195530663e-05,41.16,41.16,54.548121408016506,41.61145168658353,1.2927,207.32187149417544,102.49375853466799,1.29,225.94437628291104,240.44348064331177
5e-5,aramco-snapshot-1400.f32,14.54096,2.200680010123128,93.428162,2.1310413435657536e-05,39.88,39.88,54.69205694832159,40.30097673583559,1.2044,218.86637498254854,108.36963844833025,1.21,225.10114412151728,242.36613532682784
5e-5,aramco-snapshot-1500.f32,14.009595,2.2841488279996676,92.638604,2.3338330056356573e-05,39.67,39.67,54.3862148498154,40.180297410572656,1.1353,219.87243266489233,112.49602312791208,1.14,227.95278932358042,232.80992944204004
5e-5,aramco-snapshot-1600.f32,13.878717,2.3056886310168294,92.032271,2.502571138834839e-05,40.46,40.46,54.25250316869121,40.89351333263786,1.0873,217.5713420593744,111.76882471423073,1.09,217.27395094119592,223.25508779294796
5e-5,aramco-snapshot-1700.f32,14.034135,2.2801547797566437,91.667972,2.6097649903295095e-05,38.61,38.61,54.31656852411459,39.05748487365958,1.0569,206.34811097362265,107.00926603641021,1.06,220.4112179127865,212.31040888072437
5e-5,aramco-snapshot-1800.f32,14.389885,2.223784276246822,91.435485,2.6805613606693808e-05,38.93,38.93,54.276495353536916,39.335189274728556,1.0387,206.39608750429736,105.79010060598404,1.04,221.29187903896084,211.99345093518912
5e-5,aramco-snapshot-1900.f32,15.037812,2.127969148703282,91.346079,2.7082955572515998e-05,38.04,38.04,54.96275051420321,38.43193982578409,1.0338,206.27864961819367,97.8941358146014,1.03,227.94495899387715,201.7400654681784
5e-5,aramco-snapshot-2000.f32,16.499006,1.9395107802251843,91.398568,2.6919785113760843e-05,38.43,38.43,54.96679031707216,38.832562240195614,1.0443,193.1707220970108,90.84982595159049,1.04,232.62486749399943,192.22652937830776
5e-5,aramco-snapshot-2100.f32,18.241646,1.7542276612538146,91.431693,2.68173170383741e-05,39.02,39.02,55.05215853003278,39.42647028065869,1.0608,206.23990196521052,85.95451604900414,1.06,245.21305456690885,184.9221383981643
5e-5,aramco-snapshot-2200.f32,20.274526,1.578335296223448,91.557826,2.6430701480406998e-05,39.02,39.02,55.32664547830943,39.44537153297933,1.0906,187.47695396170943,74.44740730298491,1.09,235.93407591140158,171.0893015885824
5e-5,aramco-snapshot-2300.f32,21.873149,1.462980936124012,91.641518,2.6177254571634847e-05,39.88,39.88,55.640309970933586,40.33443753498647,1.1109,170.8316836181651,72.32155578406973,1.11,249.90112414813507,158.38271658641642
5e-5,aramco-snapshot-2400.f32,23.432898,1.3656014719135463,91.722357,2.593475375186012e-05,40.39,40.39,55.8195775388408,40.858967552051595,1.1325,160.9894114348217,64.48342586593179,1.13,250.92379479499928,154.4368066715885
5e-5,aramco-snapshot-2500.f32,24.791306,1.2907750805867186,91.798154,2.570942013971514e-05,41.11,41.11,55.96736418542103,41.55781650988066,1.1465,154.00837552313217,63.79036974347593,1.15,248.5697331898319,155.4646479419284
5e-5,aramco-snapshot-2600.f32,25.731187,1.2436270429343195,91.786728,2.574326465925357e-05,41.64,41.64,55.95263723442085,42.12088830190482,1.1398,152.88428718558603,63.7927888792237,1.14,248.94746879697053,158.77316343273455
5e-5,aramco-snapshot-2700.f32,23.307105,1.3729718899022423,91.267861,2.732794438370618e-05,41.13,41.13,55.60568772862662,41.62243288527627,1.0305,174.7021844914057,68.47099790390608,1.03,234.98460312452238,173.23341040647267
5e-5,aramco-snapshot-2800.f32,16.031395,1.9960833102796107,91.119164,2.779980980475899e-05,37.95,37.95,54.528554809221916,38.38646734101941,1.0143,199.72673493873995,96.86875813417466,1.01,210.41738327964097,215.28516520700893
5e-5,aramco-snapshot-2900.f32,14.896641,2.1481352742541087,91.111652,2.7823861701472632e-05,37.69,37.69,54.39142750520346,38.06536748876994,1.0124,205.91363256826287,104.10165037831216,1.01,203.3163899828415,217.53181325426226
5e-5,aramco-snapshot-3000.f32,9.8982383,3.2328985249829763,91.098932,2.7864637242278652e-05,34.87,34.87,52.833998546655835,35.22594525987245,1.0075,183.56190025765923,147.0190364728561,1.01,207.83369945248958,226.68635650263786
5e-5,aramco-snapshot-3100.f32,9.128529,3.505493601433484,91.099406,2.786311698647018e-05,34.52,34.52,52.109820107281834,34.84236335966728,1.0157,194.2082591955222,151.0840032161339,1.02,208.91595050529722,231.7548633913769
5e-5,aramco-snapshot-3200.f32,7.624726,4.1968721236671325,91.099853,2.7861683215145445e-05,33.07,33.07,50.96228138371893,33.36978598916108,1.0129,206.90507333319496,172.01995584888968,1.01,202.39132684845865,234.54818487561326
5e-5,aramco-snapshot-3300.f32,7.3842158,4.33356782449397,91.097161,2.787031904578715e-05,33.41,33.41,50.872043708898886,33.70792170909423,1.0124,214.5657180967287,167.7676043455575,1.01,201.8104054874051,236.73743812489946
5e-5,aramco-snapshot-3400.f32,7.5598525,4.2328868188896545,91.098969,2.7864519339520136e-05,33.48,33.48,50.59772513310999,33.788128591748034,1.0128,214.5726953341883,168.0800007563547,1.01,204.98844325174753,233.53196848046397
5e-5,aramco-snapshot-3500.f32,7.4778999,4.2792763246269185,91.098061,2.7867433310874648e-05,33.4,33.4,50.752670305672154,33.713484960689954,1.0126,216.22570969373282,165.7967143348039,1.01,200.5828137283404,233.47324414471575
5e-5,aramco-snapshot-3600.f32,7.5103871,4.260765733366793,91.098483,2.7866078714319443e-05,33.43,33.43,50.77321345295717,33.74215449048854,1.0127,214.91138094780172,162.71965869487235,1.01,202.58176680808086,234.7671253857496
