turboFFT, 1, 0,    0.003,    0.003,    0.011
turboFFT, 1, 1,    0.002,    0.011,    0.036
turboFFT, 1, 2,    0.002,    0.022,    0.072
turboFFT, 1, 3,    0.002,    0.045,    0.144
turboFFT, 1, 4,    0.002,    0.089,    0.286
turboFFT, 1, 5,    0.002,    0.182,    0.583
turboFFT, 1, 6,    0.002,    0.361,    1.155
turboFFT, 1, 7,    0.002,    0.730,    2.336
turboFFT, 1, 8,    0.002,    1.436,    4.596
turboFFT, 1, 9,    0.002,    2.893,    9.259
turboFFT, 1, 10,    0.022,    0.467,    1.495
turboFFT, 1, 11,    0.022,    0.922,    2.951
turboFFT, 1, 12,    0.022,    1.838,    5.882
turboFFT, 1, 13,    0.022,    3.678,   11.770
turboFFT, 1, 14,    0.023,    7.176,   22.963
turboFFT, 1, 15,    0.023,   14.328,   45.849
turboFFT, 1, 16,    0.023,   28.544,   91.339
turboFFT, 1, 17,    0.023,   56.087,  179.477
turboFFT, 1, 18,    0.023,  111.592,  357.096
turboFFT, 1, 19,    0.024,  214.422,  686.151
turboFFT, 1, 20,    0.043,  243.321,  778.626
turboFFT, 1, 21,    0.065,  324.227, 1037.526
turboFFT, 1, 22,    0.121,  346.385, 1108.431
turboFFT, 1, 23,    0.212,  396.048, 1267.353
turboFFT, 1, 24,    0.408,  411.565, 1317.007
turboFFT, 1, 25,    0.800,  419.597, 1342.709
turboFFT, 1, 26,    1.581,  424.339, 1357.885
turboFFT, 1, 27,    3.141,  427.340, 1367.490
turboFFT, 2, 0,    0.002,    0.022,    0.036
turboFFT, 2, 1,    0.002,    0.047,    0.075
turboFFT, 2, 2,    0.002,    0.094,    0.151
turboFFT, 2, 3,    0.002,    0.189,    0.302
turboFFT, 2, 4,    0.002,    0.375,    0.599
turboFFT, 2, 5,    0.002,    0.759,    1.214
turboFFT, 2, 6,    0.002,    1.501,    2.402
turboFFT, 2, 7,    0.002,    3.013,    4.821
turboFFT, 2, 8,    0.002,    6.015,    9.624
turboFFT, 2, 9,    0.002,   12.075,   19.321
turboFFT, 2, 10,    0.021,    1.933,    3.092
turboFFT, 2, 11,    0.021,    3.832,    6.131
turboFFT, 2, 12,    0.021,    7.645,   12.232
turboFFT, 2, 13,    0.022,   14.997,   23.995
turboFFT, 2, 14,    0.022,   29.249,   46.798
turboFFT, 2, 15,    0.023,   58.231,   93.170
turboFFT, 2, 16,    0.023,  114.863,  183.780
turboFFT, 2, 17,    0.023,  226.894,  363.030
turboFFT, 2, 18,    0.024,  437.432,  699.891
turboFFT, 2, 19,    0.041,  510.843,  817.348
turboFFT, 2, 20,    0.064,  659.947, 1055.915
turboFFT, 2, 21,    0.111,  755.023, 1208.037
turboFFT, 2, 22,    0.251,  669.538, 1071.260
turboFFT, 2, 23,    0.497,  675.342, 1080.547
turboFFT, 2, 24,    1.000,  671.138, 1073.821
turboFFT, 2, 25,    1.990,  674.321, 1078.914
turboFFT, 2, 26,    3.969,  676.383, 1082.213
turboFFT, 3, 0,    0.002,    0.070,    0.074
turboFFT, 3, 1,    0.002,    0.139,    0.148
turboFFT, 3, 2,    0.002,    0.286,    0.305
turboFFT, 3, 3,    0.002,    0.567,    0.605
turboFFT, 3, 4,    0.002,    1.139,    1.214
turboFFT, 3, 5,    0.002,    2.268,    2.420
turboFFT, 3, 6,    0.002,    4.571,    4.876
turboFFT, 3, 7,    0.002,    9.108,    9.715
turboFFT, 3, 8,    0.002,   17.680,   18.858
turboFFT, 3, 9,    0.026,    2.328,    2.484
turboFFT, 3, 10,    0.027,    4.607,    4.914
turboFFT, 3, 11,    0.027,    9.208,    9.821
turboFFT, 3, 12,    0.027,   18.428,   19.657
turboFFT, 3, 13,    0.027,   36.090,   38.496
turboFFT, 3, 14,    0.027,   72.180,   76.992
turboFFT, 3, 15,    0.028,  142.420,  151.915
turboFFT, 3, 16,    0.028,  284.181,  303.127
turboFFT, 3, 17,    0.028,  559.499,  596.799
turboFFT, 3, 18,    0.046,  676.652,  721.762
turboFFT, 3, 19,    0.067,  938.060, 1000.597
turboFFT, 3, 20,    0.115, 1090.117, 1162.791
turboFFT, 3, 21,    0.326,  773.012,  824.547
turboFFT, 3, 22,    0.693,  726.003,  774.403
turboFFT, 3, 23,    1.410,  714.149,  761.759
turboFFT, 3, 24,    2.852,  705.904,  752.964
turboFFT, 3, 25,    5.731,  702.598,  749.438
turboFFT, 4, 0,    0.002,    0.186,    0.148
turboFFT, 4, 1,    0.002,    0.372,    0.298
turboFFT, 4, 2,    0.002,    0.755,    0.604
turboFFT, 4, 3,    0.002,    1.471,    1.176
turboFFT, 4, 4,    0.002,    3.036,    2.429
turboFFT, 4, 5,    0.002,    5.981,    4.785
turboFFT, 4, 6,    0.002,   12.075,    9.660
turboFFT, 4, 7,    0.002,   24.105,   19.284
turboFFT, 4, 8,    0.027,    3.011,    2.409
turboFFT, 4, 9,    0.028,    5.793,    4.635
turboFFT, 4, 10,    0.028,   11.708,    9.367
turboFFT, 4, 11,    0.028,   23.559,   18.847
turboFFT, 4, 12,    0.028,   46.351,   37.080
turboFFT, 4, 13,    0.029,   90.851,   72.680
turboFFT, 4, 14,    0.029,  182.186,  145.749
turboFFT, 4, 15,    0.030,  348.707,  278.966
turboFFT, 4, 16,    0.033,  642.006,  513.605
turboFFT, 4, 17,    0.051,  819.302,  655.442
turboFFT, 4, 18,    0.071, 1175.639,  940.511
turboFFT, 4, 19,    0.117, 1433.460, 1146.768
turboFFT, 4, 20,    0.244, 1375.019, 1100.016
turboFFT, 4, 21,    0.433, 1548.708, 1238.966
turboFFT, 4, 22,    0.821, 1635.085, 1308.068
turboFFT, 4, 23,    1.618, 1659.215, 1327.372
turboFFT, 4, 24,    3.212, 1671.377, 1337.102
turboFFT, 5, 0,    0.002,    0.436,    0.279
turboFFT, 5, 1,    0.002,    0.943,    0.604
turboFFT, 5, 2,    0.002,    1.876,    1.201
turboFFT, 5, 3,    0.002,    3.752,    2.402
turboFFT, 5, 4,    0.002,    7.533,    4.821
turboFFT, 5, 5,    0.002,   15.123,    9.679
turboFFT, 5, 6,    0.032,    1.585,    1.014
turboFFT, 5, 7,    0.032,    3.194,    2.044
turboFFT, 5, 8,    0.032,    6.389,    4.089
turboFFT, 5, 9,    0.032,   12.773,    8.175
turboFFT, 5, 10,    0.033,   25.147,   16.094
turboFFT, 5, 11,    0.033,   50.334,   32.214
turboFFT, 5, 12,    0.033,   99.961,   63.975
turboFFT, 5, 13,    0.033,  197.322,  126.286
turboFFT, 5, 14,    0.034,  391.176,  250.352
turboFFT, 5, 15,    0.044,  595.522,  381.134
turboFFT, 5, 16,    0.063,  834.641,  534.170
turboFFT, 5, 17,    0.090, 1160.751,  742.881
turboFFT, 5, 18,    0.152, 1375.824,  880.527
turboFFT, 5, 19,    0.267, 1573.550, 1007.072
turboFFT, 5, 20,    0.508, 1651.571, 1057.006
turboFFT, 5, 21,    0.989, 1696.143, 1085.531
turboFFT, 5, 22,    1.948, 1722.190, 1102.202
turboFFT, 5, 23,    3.923, 1710.474, 1094.703
turboFFT, 6, 0,    0.002,    1.103,    0.588
turboFFT, 6, 1,    0.002,    2.281,    1.217
turboFFT, 6, 2,    0.002,    4.520,    2.411
turboFFT, 6, 3,    0.002,    9.023,    4.812
turboFFT, 6, 4,    0.002,   17.944,    9.570
turboFFT, 6, 5,    0.002,   36.364,   19.394
turboFFT, 6, 6,    0.034,    3.656,    1.950
turboFFT, 6, 7,    0.034,    7.236,    3.859
turboFFT, 6, 8,    0.034,   14.450,    7.706
turboFFT, 6, 9,    0.034,   28.957,   15.443
turboFFT, 6, 10,    0.034,   57.196,   30.505
turboFFT, 6, 11,    0.034,  114.137,   60.873
turboFFT, 6, 12,    0.035,  227.577,  121.374
turboFFT, 6, 13,    0.035,  446.187,  237.967
turboFFT, 6, 14,    0.036,  870.949,  464.506
turboFFT, 6, 15,    0.055, 1134.233,  604.924
turboFFT, 6, 16,    0.074, 1710.378,  912.202
turboFFT, 6, 17,    0.118, 2134.375, 1138.334
turboFFT, 6, 18,    0.224, 2248.619, 1199.263
turboFFT, 6, 19,    0.414, 2433.851, 1298.054
turboFFT, 6, 20,    0.808, 2490.748, 1328.399
turboFFT, 6, 21,    1.589, 2534.348, 1351.652
turboFFT, 6, 22,    3.147, 2559.362, 1364.993
turboFFT, 7, 0,    0.002,    2.607,    1.192
turboFFT, 7, 1,    0.002,    5.313,    2.429
turboFFT, 7, 2,    0.002,   10.626,    4.858
turboFFT, 7, 3,    0.002,   21.092,    9.642
turboFFT, 7, 4,    0.002,   42.105,   19.248
turboFFT, 7, 5,    0.002,   84.688,   38.715
turboFFT, 7, 6,    0.002,  169.057,   77.283
turboFFT, 7, 7,    0.041,   13.829,    6.322
turboFFT, 7, 8,    0.042,   27.453,   12.550
turboFFT, 7, 9,    0.043,   53.469,   24.443
turboFFT, 7, 10,    0.043,  106.961,   48.897
turboFFT, 7, 11,    0.043,  213.604,   97.647
turboFFT, 7, 12,    0.045,  403.490,  184.453
turboFFT, 7, 13,    0.044,  826.104,  377.647
turboFFT, 7, 14,    0.069, 1063.206,  486.037
turboFFT, 7, 15,    0.084, 1747.360,  798.793
turboFFT, 7, 16,    0.128, 2300.547, 1051.678
turboFFT, 7, 17,    0.231, 2537.907, 1160.186
turboFFT, 7, 18,    0.436, 2694.400, 1231.726
turboFFT, 7, 19,    0.839, 2801.176, 1280.537
turboFFT, 7, 20,    1.641, 2863.503, 1309.030
turboFFT, 7, 21,    3.252, 2889.026, 1320.698
turboFFT, 8, 0,    0.002,    5.839,    2.336
turboFFT, 8, 1,    0.002,   12.121,    4.848
turboFFT, 8, 2,    0.002,   24.242,    9.697
turboFFT, 8, 3,    0.002,   48.302,   19.321
turboFFT, 8, 4,    0.002,   96.422,   38.569
turboFFT, 8, 5,    0.002,  184.838,   73.935
turboFFT, 8, 6,    0.002,  396.899,  158.760
turboFFT, 8, 7,    0.057,   23.080,    9.232
turboFFT, 8, 8,    0.057,   45.901,   18.361
turboFFT, 8, 9,    0.057,   91.597,   36.639
turboFFT, 8, 10,    0.057,  183.092,   73.237
turboFFT, 8, 11,    0.058,  363.040,  145.216
turboFFT, 8, 12,    0.058,  721.087,  288.435
turboFFT, 8, 13,    0.074, 1136.692,  454.677
turboFFT, 8, 14,    0.097, 1721.404,  688.562
turboFFT, 8, 15,    0.131, 2563.066, 1025.227
turboFFT, 8, 16,    0.239, 2806.831, 1122.732
turboFFT, 8, 17,    0.450, 2982.150, 1192.860
turboFFT, 8, 18,    0.864, 3107.916, 1243.167
turboFFT, 8, 19,    1.674, 3206.918, 1282.767
turboFFT, 8, 20,    3.309, 3245.169, 1298.068
turboFFT, 9, 0,    0.002,   13.187,    4.689
turboFFT, 9, 1,    0.002,   27.273,    9.697
turboFFT, 9, 2,    0.002,   54.237,   19.284
turboFFT, 9, 3,    0.002,  109.714,   39.010
turboFFT, 9, 4,    0.002,  218.182,   77.576
turboFFT, 9, 5,    0.044,   16.793,    5.971
turboFFT, 9, 6,    0.045,   33.130,   11.779
turboFFT, 9, 7,    0.046,   63.916,   22.726
turboFFT, 9, 8,    0.046,  127.179,   45.219
turboFFT, 9, 9,    0.045,  259.972,   92.434
turboFFT, 9, 10,    0.049,  481.756,  171.291
turboFFT, 9, 11,    0.049,  968.894,  344.496
turboFFT, 9, 12,    0.070, 1348.662,  479.524
turboFFT, 9, 13,    0.082, 2314.215,  822.832
turboFFT, 9, 14,    0.129, 2926.513, 1040.538
turboFFT, 9, 15,    0.223, 3387.798, 1204.550
turboFFT, 9, 16,    0.425, 3550.109, 1262.261
turboFFT, 9, 17,    0.829, 3642.758, 1295.203
turboFFT, 9, 18,    1.620, 3727.372, 1325.288
turboFFT, 9, 19,    3.210, 3763.466, 1338.121
turboFFT, 10, 0,    0.002,   29.575,    9.464
turboFFT, 10, 1,    0.002,   59.925,   19.176
turboFFT, 10, 2,    0.002,  119.850,   38.352
turboFFT, 10, 3,    0.002,  237.037,   75.852
turboFFT, 10, 4,    0.002,  483.019,  154.566
turboFFT, 10, 5,    0.070,   23.414,    7.493
turboFFT, 10, 6,    0.074,   44.163,   14.132
turboFFT, 10, 7,    0.074,   88.947,   28.463
turboFFT, 10, 8,    0.073,  178.677,   57.177
turboFFT, 10, 9,    0.072,  362.285,  115.931
turboFFT, 10, 10,    0.073,  715.552,  228.977
turboFFT, 10, 11,    0.087, 1211.163,  387.572
turboFFT, 10, 12,    0.105, 2000.855,  640.274
turboFFT, 10, 13,    0.145, 2889.785,  924.731
turboFFT, 10, 14,    0.242, 3464.763, 1108.724
turboFFT, 10, 15,    0.433, 3877.354, 1240.753
turboFFT, 10, 16,    0.843, 3982.438, 1274.380
turboFFT, 10, 17,    1.650, 4067.488, 1301.596
turboFFT, 10, 18,    3.258, 4119.801, 1318.336
turboFFT, 11, 0,    0.002,   64.234,   18.686
turboFFT, 11, 1,    0.002,  131.099,   38.138
turboFFT, 11, 2,    0.002,  262.197,   76.276
turboFFT, 11, 3,    0.002,  527.341,  153.408
turboFFT, 11, 4,    0.002, 1046.840,  304.535
turboFFT, 11, 5,    0.077,   46.777,   13.608
turboFFT, 11, 6,    0.077,   93.179,   27.107
turboFFT, 11, 7,    0.078,  185.706,   54.024
turboFFT, 11, 8,    0.078,  370.694,  107.838
turboFFT, 11, 9,    0.078,  735.728,  214.030
turboFFT, 11, 10,    0.095, 1217.689,  354.237
turboFFT, 11, 11,    0.101, 2277.568,  662.565
turboFFT, 11, 12,    0.141, 3263.154,  949.281
turboFFT, 11, 13,    0.234, 3947.574, 1148.385
turboFFT, 11, 14,    0.439, 4205.958, 1223.552
turboFFT, 11, 15,    0.840, 4396.562, 1279.000
turboFFT, 11, 16,    1.619, 4559.666, 1326.448
turboFFT, 11, 17,    3.196, 4620.152, 1344.044
turboFFT, 12, 0,    0.002,  143.284,   38.209
turboFFT, 12, 1,    0.002,  288.722,   76.992
turboFFT, 12, 2,    0.002,  579.623,  154.566
turboFFT, 12, 3,    0.002, 1148.411,  306.243
turboFFT, 12, 4,    0.002, 2322.874,  619.433
turboFFT, 12, 5,    0.128,   61.351,   16.360
turboFFT, 12, 6,    0.127,  123.631,   32.968
turboFFT, 12, 7,    0.128,  246.704,   65.788
turboFFT, 12, 8,    0.128,  491.680,  131.115
turboFFT, 12, 9,    0.142,  886.160,  236.309
turboFFT, 12, 10,    0.149, 1689.145,  450.439
turboFFT, 12, 11,    0.159, 3175.194,  846.718
turboFFT, 12, 12,    0.313, 3214.157,  857.109
turboFFT, 12, 13,    0.484, 4155.410, 1108.109
turboFFT, 12, 14,    0.846, 4759.584, 1269.222
turboFFT, 12, 15,    1.679, 4796.249, 1279.000
turboFFT, 12, 16,    3.287, 4899.478, 1306.527
turboFFT, 13, 0,    0.002,  307.579,   75.712
turboFFT, 13, 1,    0.002,  627.924,  154.566
turboFFT, 13, 2,    0.002, 1260.606,  310.303
turboFFT, 13, 3,    0.002, 2456.088,  604.576
turboFFT, 13, 4,    0.002, 5023.396, 1236.528
turboFFT, 13, 5,    0.002, 8772.322, 2159.341
turboFFT, 13, 6,    0.002, 17487.029, 4304.499
turboFFT, 13, 7,    0.002, 35205.289, 8665.918
turboFFT, 13, 8,    0.002, 69153.250, 17022.340
turboFFT, 13, 9,    0.002, 137858.906, 33934.500
turboFFT, 13, 10,    0.002, 278876.594, 68646.547
turboFFT, 13, 11,    0.002, 564217.188, 138884.234
turboFFT, 13, 12,    0.002, 1121010.500, 275941.062
turboFFT, 13, 13,    0.002, 2238339.750, 550975.875
turboFFT, 13, 14,    0.002, 4454734.500, 1096550.000
turboFFT, 13, 15,    0.002, 8938681.000, 2200290.750
turboFFT, 14, 0,    0.002,  479.786,  109.665
turboFFT, 14, 1,    0.104,   22.031,    5.036
turboFFT, 14, 2,    0.106,   43.151,    9.863
turboFFT, 14, 3,    0.107,   86.043,   19.667
turboFFT, 14, 4,    0.107,  172.147,   39.348
turboFFT, 14, 5,    0.109,  335.669,   76.724
turboFFT, 14, 6,    0.124,  593.209,  135.591
turboFFT, 14, 7,    0.150,  980.176,  224.040
turboFFT, 14, 8,    0.203, 1446.232,  330.567
turboFFT, 14, 9,    0.293, 2002.147,  457.634
turboFFT, 14, 10,    0.517, 2270.305,  518.927
turboFFT, 14, 11,    1.041, 2255.889,  515.632
turboFFT, 14, 12,    2.021, 2324.200,  531.246
turboFFT, 14, 13,    3.955, 2375.782,  543.036
turboFFT, 14, 14,    7.867, 2388.540,  545.952
turboFFT, 15, 0,    0.053,   46.318,    9.881
turboFFT, 15, 1,    0.134,   36.616,    7.811
turboFFT, 15, 2,    0.136,   72.042,   15.369
turboFFT, 15, 3,    0.137,  143.666,   30.649
turboFFT, 15, 4,    0.137,  286.007,   61.015
turboFFT, 15, 5,    0.152,  518.240,  110.558
turboFFT, 15, 6,    0.176,  893.267,  190.564
turboFFT, 15, 7,    0.210, 1498.765,  319.737
turboFFT, 15, 8,    0.301, 2092.220,  446.340
turboFFT, 15, 9,    0.533, 2360.793,  503.636
turboFFT, 15, 10,    1.043, 2412.124,  514.586
turboFFT, 15, 11,    2.023, 2488.205,  530.817
turboFFT, 15, 12,    4.017, 2505.658,  534.540
turboFFT, 15, 13,    7.949, 2532.694,  540.308
turboFFT, 16, 0,    0.144,   36.485,    7.297
turboFFT, 16, 1,    0.148,   70.637,   14.127
turboFFT, 16, 2,    0.149,  140.702,   28.140
turboFFT, 16, 3,    0.149,  281.156,   56.231
turboFFT, 16, 4,    0.163,  513.183,  102.637
turboFFT, 16, 5,    0.189,  887.706,  177.541
turboFFT, 16, 6,    0.204, 1640.913,  328.183
turboFFT, 16, 7,    0.306, 2195.212,  439.042
turboFFT, 16, 8,    0.487, 2753.830,  550.766
turboFFT, 16, 9,    1.120, 2396.738,  479.348
turboFFT, 16, 10,    2.083, 2577.462,  515.492
turboFFT, 16, 11,    4.099, 2619.455,  523.891
turboFFT, 16, 12,    8.188, 2622.675,  524.535
turboFFT, 17, 0,    0.215,   51.884,    9.766
turboFFT, 17, 1,    0.216,  103.387,   19.461
turboFFT, 17, 2,    0.215,  207.331,   39.027
turboFFT, 17, 3,    0.232,  383.500,   72.188
turboFFT, 17, 4,    0.263,  677.511,  127.531
turboFFT, 17, 5,    0.273, 1307.521,  246.121
turboFFT, 17, 6,    0.343, 2078.800,  391.303
turboFFT, 17, 7,    0.583, 2448.046,  460.809
turboFFT, 17, 8,    1.050, 2716.808,  511.399
turboFFT, 17, 9,    2.131, 2677.289,  503.960
turboFFT, 17, 10,    4.070, 2802.934,  527.611
turboFFT, 17, 11,    7.991, 2855.410,  537.489
turboFFT, 18, 0,    0.287,   82.289,   14.629
turboFFT, 18, 1,    0.289,  163.265,   29.025
turboFFT, 18, 2,    0.308,  306.440,   54.478
turboFFT, 18, 3,    0.349,  540.855,   96.152
turboFFT, 18, 4,    0.356, 1060.863,  188.598
turboFFT, 18, 5,    0.404, 1868.764,  332.225
turboFFT, 18, 6,    0.631, 2392.674,  425.364
turboFFT, 18, 7,    1.124, 2686.888,  477.669
turboFFT, 18, 8,    2.156, 2801.590,  498.060
turboFFT, 18, 9,    3.972, 3041.454,  540.703
turboFFT, 18, 10,    7.758, 3113.969,  553.595
turboFFT, 19, 0,    0.403,  123.491,   20.798
turboFFT, 19, 1,    0.430,  231.624,   39.010
turboFFT, 19, 2,    0.459,  434.513,   73.181
turboFFT, 19, 3,    0.468,  851.239,  143.367
turboFFT, 19, 4,    0.486, 1640.591,  276.310
turboFFT, 19, 5,    0.720, 2212.815,  372.685
turboFFT, 19, 6,    1.248, 2555.246,  430.357
turboFFT, 19, 7,    2.073, 3075.948,  518.054
turboFFT, 19, 8,    3.963, 3217.402,  541.878
turboFFT, 19, 9,    7.950, 3207.720,  540.248
turboFFT, 20, 0,    0.563,  186.145,   29.783
turboFFT, 20, 1,    0.592,  354.465,   56.714
turboFFT, 20, 2,    0.600,  699.319,  111.891
turboFFT, 20, 3,    0.619, 1354.616,  216.739
turboFFT, 20, 4,    0.743, 2256.545,  361.047
turboFFT, 20, 5,    1.428, 2350.461,  376.074
turboFFT, 20, 6,    2.283, 2940.013,  470.402
turboFFT, 20, 7,    4.144, 3238.677,  518.188
turboFFT, 20, 8,    8.389, 3200.008,  512.001
turboFFT, 21, 0,    0.573,  384.622,   58.609
turboFFT, 21, 1,    0.594,  741.605,  113.006
turboFFT, 21, 2,    0.628, 1402.868,  213.770
turboFFT, 21, 3,    0.757, 2326.093,  354.452
turboFFT, 21, 4,    1.449, 2432.278,  370.633
turboFFT, 21, 5,    2.334, 3019.632,  460.134
turboFFT, 21, 6,    4.208, 3349.021,  510.327
turboFFT, 21, 7,    8.586, 3282.733,  500.226
turboFFT, 22, 0,    0.687,  671.954,   97.739
turboFFT, 22, 1,    0.719, 1283.195,  186.647
turboFFT, 22, 2,    0.837, 2204.785,  320.696
turboFFT, 22, 3,    1.688, 2186.326,  318.011
turboFFT, 22, 4,    2.765, 2669.571,  388.301
turboFFT, 22, 5,    4.981, 2964.100,  431.142
turboFFT, 22, 6,   10.037, 2941.761,  427.893
turboFFT, 23, 0,    0.454, 2122.818,  295.349
turboFFT, 23, 1,    0.819, 2357.106,  327.945
turboFFT, 23, 2,    1.826, 2112.746,  293.947
turboFFT, 23, 3,    3.549, 2174.804,  302.581
turboFFT, 23, 4,    7.074, 2181.948,  303.575
turboFFT, 23, 5,   14.161, 2179.866,  303.286
turboFFT, 24, 0,    0.793, 2539.755,  338.634
turboFFT, 24, 1,    1.864, 2160.012,  288.002
turboFFT, 24, 2,    3.617, 2226.258,  296.834
turboFFT, 24, 3,    7.192, 2239.409,  298.588
turboFFT, 24, 4,   14.465, 2226.937,  296.925
turboFFT, 25, 0,    1.886, 2224.432,  284.727
turboFFT, 25, 1,    3.700, 2267.401,  290.227
turboFFT, 25, 2,    7.297, 2299.046,  294.278
turboFFT, 25, 3,   14.555, 2305.342,  295.084
