Bit_Rate,Data_Point,CR,BR,PSNR,NRMSE,cmp_cTP,cmp_xTP,nsys_cmp_cTP,nsys_cmp_xTP,nvcomp_CR,nvcomp_cTP,nvcomp_xTP,bitcomp_CR,bitcomp_cTP,bitcomp_xTP
0.5,_overall,64.00003276801678,0.5,48.32599794198568,,,,499.64428357791246,408.13916762498843,1.6124553844377283,176.39447019337402,76.99734386256117,1.6135500394086877,267.0942559442808,163.37093357835357
0.5,stat_planar.2.3500E-03.CH4.f32,64.00003276801678,0.5,48.567734,0.003729179590281255,,,494.5079118368288,396.671065570518,1.8386,178.61237944062074,74.89209118543658,1.84,271.9779414209452,156.16315867301526
0.5,stat_planar.2.3500E-03.CO.f32,64.00003276801678,0.5,43.919966,0.006367980295898178,,,499.3279768166232,407.36563541702174,1.403,174.63616568202687,75.04077855706608,1.4,265.9339871671464,163.46050253624026
0.5,stat_planar.2.3500E-03.CO2.f32,64.00003276801678,0.5,49.157871,0.0034842270071883106,,,498.88289719794477,406.7052886631317,1.9444,179.7419438955812,75.76553655161666,1.95,271.0054338830873,162.06240843044205
0.5,stat_planar.2.3500E-03.H2O.f32,64.00003276801678,0.5,48.823708,0.003620883905194158,,,499.4650842068595,406.546215241852,1.9251,179.9553296619788,76.07011007959525,1.93,276.94708773192474,161.1435570715168
0.5,stat_planar.2.3500E-03.O2.f32,64.00003276801678,0.5,46.940022,0.004497787374884498,,,501.425458107238,417.0787081466885,3.5272,183.28955673404778,89.4467187363927,3.53,281.05507914451204,181.75344446675476
0.5,stat_planar.2.3500E-03.T.f32,64.00003276801678,0.5,48.117425,0.003927613441793884,,,501.16804065184084,414.31299229470295,2.5452,178.8934374727854,84.50977849021008,2.55,275.6043139732245,176.12204417343938
0.5,stat_planar.2.3500E-03.U.f32,64.00003276801678,0.5,55.110052,0.0017558903774152778,,,499.87471210291085,407.02238617611823,1.359,174.56703188323243,74.41413723024579,1.36,263.77443042681,155.8420555366074
0.5,stat_planar.2.3500E-03.V.f32,64.00003276801678,0.5,51.778233,0.0025768452509844944,,,500.84031073367237,409.67076457213625,1.0542,169.3027245181759,71.77160277670986,1.05,247.4141012273234,160.57454733609478
0.5,stat_planar.2.3500E-03.W.f32,64.00003276801678,0.5,51.404333,0.0026901923617511573,,,501.30616054729404,407.8794525427264,1.0749,168.551662451917,71.06534115577753,1.08,250.1359285235536,153.21668398107158
1,_overall,32.0,1.0,65.67187603700035,,,,346.0956839757028,358.22840036963214,1.0907063359305702,227.50441124372702,136.94218326937212,1.0901289632545326,245.97243639303946,203.20386858696108
1,stat_planar.2.3500E-03.CH4.f32,32.0,1.0,70.357226,0.00030348601333585933,,,288.945795236459,310.92444936540585,1.0236,221.557783623125,125.84623897577974,1.02,256.3355921077851,194.00484252835497
1,stat_planar.2.3500E-03.CO.f32,32.0,1.0,60.159993,0.0009817487352260764,,,348.7827819463796,366.78690745263884,1.0371,227.08981317676108,129.06126036227164,1.04,247.68374231288894,198.57962920806293
1,stat_planar.2.3500E-03.CO2.f32,32.0,1.0,70.37658,0.0003028105397266854,,,315.3587731528877,329.5867736085987,1.2187,241.56565784141517,134.28364011522743,1.22,265.15880518161174,197.1163202802185
1,stat_planar.2.3500E-03.H2O.f32,32.0,1.0,70.070854,0.0003136586701811577,,,312.8903726357338,326.1006460282998,1.2335,241.56565784141517,132.6567534674633,1.23,266.87051108360566,189.16279155010986
1,stat_planar.2.3500E-03.O2.f32,32.0,1.0,69.205474,0.00034651841687326484,,,307.36454889016744,318.89606856714886,1.2508,246.0067660431402,125.48216084063579,1.25,273.4448621374157,176.5302151852638
1,stat_planar.2.3500E-03.T.f32,32.0,1.0,69.960774,0.00031765910623722087,,,323.74280247317745,336.94324115241653,1.1125,231.54142102162123,121.18466552326856,1.11,261.1942496072165,179.88646057688177
1,stat_planar.2.3500E-03.U.f32,32.0,1.0,71.526509,0.00026526168859578264,,,389.27469287438447,408.7257854013335,1.0214,216.39179199926915,128.91434063781477,1.02,244.75099617140157,203.4663762355544
1,stat_planar.2.3500E-03.V.f32,32.0,1.0,63.850232,0.000641931051074478,,,413.21885587138945,415.9706780231301,0.999,214.50346739927554,167.58700972414374,1.0,197.63031329268324,242.2694618890677
1,stat_planar.2.3500E-03.W.f32,32.0,1.0,63.109691,0.0006990616252391651,,,415.28253270074623,410.12105372771686,0.9993,207.31734224752074,167.4635797777441,1.0,200.68285564274674,247.81871982913572
12,_overall,2.6666666666666665,12.0,151.95289612077968,,,,61.65720387174504,131.63731726623888,1.1204252809053326,267.3537340826449,207.63203567222928,1.1222119916047018,269.5414529557832,258.7895722636263
12,stat_planar.2.3500E-03.CH4.f32,2.6666666666666665,12.0,175.690426,1.6423990637083131e-09,,,65.00896370527721,120.83861949349416,1.125,269.18621618142276,190.46282345285925,1.13,280.34681165999694,251.7973640320375
12,stat_planar.2.3500E-03.CO.f32,2.6666666666666665,12.0,152.17863,2.4607557499524964e-08,,,62.44612113351871,131.4877271140913,1.1261,271.1800178439712,197.16572922569256,1.13,281.6931348196937,260.9982733042609
12,stat_planar.2.3500E-03.CO2.f32,2.6666666666666665,12.0,176.81572,1.4428261861239328e-09,,,64.43603162093952,132.24802195316184,1.1954,278.4520403023059,203.6524121825519,1.2,289.8172080640272,266.10270691166767
12,stat_planar.2.3500E-03.H2O.f32,2.6666666666666665,12.0,176.627844,1.4743743866639424e-09,,,65.19060103643604,132.52261774782158,1.207,281.5625515310201,205.19160768721235,1.21,288.347065291285,266.87051108360566
12,stat_planar.2.3500E-03.O2.f32,2.6666666666666665,12.0,177.425042,1.345079409563403e-09,,,64.56248139466265,137.71827286506783,1.2398,282.66299988086695,198.79609033490024,1.24,293.60539439903255,252.08816256882747
12,stat_planar.2.3500E-03.T.f32,2.6666666666666665,12.0,174.150789,1.9609230762805257e-09,,,62.90079965189465,137.87791513977376,1.193,276.7784482640655,200.47642213951394,1.19,288.1947827112527,255.66755109808702
12,stat_planar.2.3500E-03.U.f32,2.6666666666666665,12.0,158.850411,1.1415092884729691e-08,,,59.83080329726859,131.668453864916,1.0554,262.8334301500741,195.31668819647462,1.06,271.5441500362357,260.49951254574506
12,stat_planar.2.3500E-03.V.f32,2.6666666666666665,12.0,146.478883,4.7430296275833345e-08,,,55.40081992269881,130.06016091366948,1.0005,241.45860344455266,238.19673980827034,1.0,216.80445811035236,256.65394746841446
12,stat_planar.2.3500E-03.W.f32,2.6666666666666665,12.0,145.618589,5.2368552445528815e-08,,,55.13821308300918,130.3140663041541,1.0011,242.06929914552495,239.4298080225882,1.0,215.52007151017256,258.42812135999094
16,_overall,2.0,16.0,175.93397485274028,,,,40.20520082316762,129.05512174111527,1.293437813970003,291.5511401702549,223.9027707082096,1.2935511143326355,299.06070457366155,278.9440966826308
16,stat_planar.2.3500E-03.CH4.f32,2.0,16.0,189.641314,3.295598416417244e-10,,,46.791170867059044,119.39016660831417,1.3839,299.9826626320396,220.65992483942622,1.38,309.21964674694027,276.30502962515
16,stat_planar.2.3500E-03.CO.f32,2.0,16.0,177.051653,1.4041623595746917e-09,,,39.36451641846778,128.1449055778735,1.2638,287.7400838561361,227.6007204979084,1.26,294.1556187369013,288.46448024237446
16,stat_planar.2.3500E-03.CO2.f32,2.0,16.0,191.04472,2.8039094771810595e-10,,,41.48810869128652,129.72164977417006,1.3568,297.88348077845035,222.41102093939057,1.36,306.21428450753024,284.0506583714006
16,stat_planar.2.3500E-03.H2O.f32,2.0,16.0,189.47956,3.357546410042213e-10,,,42.184466193295854,129.71814455812333,1.3687,298.28647959238214,222.51655623907598,1.37,307.56045205154606,285.8810111266129
16,stat_planar.2.3500E-03.O2.f32,2.0,16.0,191.08719,2.7902331820187353e-10,,,44.4303358292599,136.06747991770965,1.5761,316.2969915717805,228.0321628509961,1.58,326.86150877534266,276.0010759470518
16,stat_planar.2.3500E-03.T.f32,2.0,16.0,190.714109,2.912691933047813e-10,,,42.246434978831864,136.26533106792945,1.4508,304.8349435924935,223.53515765782655,1.45,315.3446781806541,272.8449999693789
16,stat_planar.2.3500E-03.U.f32,2.0,16.0,183.185775,6.929649097480317e-10,,,37.80334386544001,128.75023841863182,1.195,280.33949804868166,215.93512379519987,1.2,288.4984364573754,279.6072607305215
16,stat_planar.2.3500E-03.V.f32,2.0,16.0,170.437244,3.0070303035507962e-09,,,33.75491368423862,126.67053682026963,1.1023,269.51484874644586,224.0548627881821,1.1,271.7441315473134,273.56309411525456
16,stat_planar.2.3500E-03.W.f32,2.0,16.0,169.58744,3.316102983729688e-09,,,33.783516880629016,126.7676429270159,1.1002,269.08127271388406,230.37940676588062,1.1,271.94758415935064,273.7792600159326
2,_overall,16.0,2.0,81.40740934438438,,,,230.31554882241318,249.29245228543678,0.9988440242074754,221.49783029358622,195.95589328850107,1.0,197.65816135264075,244.1733313245415
2,stat_planar.2.3500E-03.CH4.f32,16.0,2.0,93.310423,2.1601247258206706e-05,,,199.40617979639748,216.42960796247337,0.9985,224.345017704225,205.3962741131274,1.0,189.2402804856769,244.94668655776277
2,stat_planar.2.3500E-03.CO.f32,16.0,2.0,78.069098,0.00012489501648244765,,,246.40392718480837,261.89879040041126,0.9985,222.0437578953152,213.42126053571,1.0,190.0720379880728,246.94398636245674
2,stat_planar.2.3500E-03.CO2.f32,16.0,2.0,93.337467,2.1534095715874816e-05,,,184.26902875688165,203.568843774367,0.9987,221.88124783567474,175.51036313641995,1.0,198.62299667458575,240.9895871152433
2,stat_planar.2.3500E-03.H2O.f32,16.0,2.0,93.080205,2.2181440651495466e-05,,,181.5947691163158,201.53881959834274,1.0005,229.2940128004357,149.63716712289047,1.0,224.89977788648073,235.80174564904763
2,stat_planar.2.3500E-03.O2.f32,16.0,2.0,92.705938,2.315810941504904e-05,,,180.6405951462873,198.93729827257454,0.9994,221.58392971714613,162.49636640471738,1.0,212.39795991048132,241.37332849600006
2,stat_planar.2.3500E-03.T.f32,16.0,2.0,93.000348,2.238631344031768e-05,,,224.89282645143962,240.20989152140723,0.9985,217.3744507105469,215.622262155744,1.0,191.91700818166873,245.94232065249543
2,stat_planar.2.3500E-03.U.f32,16.0,2.0,88.347615,3.824892749965496e-05,,,273.7679929425476,294.2327527852322,0.9985,219.7635056102822,213.84701632102005,1.0,191.26997362486904,250.27156873593978
2,stat_planar.2.3500E-03.V.f32,16.0,2.0,76.814109,0.0001443093791948922,,,290.20234045037716,312.60827558253175,0.9985,219.89800234023565,213.49640886688456,1.0,190.62978448395057,246.34201023102062
2,stat_planar.2.3500E-03.W.f32,16.0,2.0,76.065764,0.0001572938717109838,,,291.6622795566636,314.20779067159094,0.9985,217.29654802841435,214.17592093999596,1.0,189.87363293798086,244.94874812090714
4,_overall,8.0,4.0,101.03018958532545,,,,108.2157735326795,174.57951426447963,0.9987331643218361,226.93852745238257,231.76743766593478,1.0,194.6804472072652,255.52827263216
4,stat_planar.2.3500E-03.CH4.f32,8.0,4.0,118.408113,1.2011420577737792e-06,,,100.6791678863053,150.54534381399856,0.9995,229.00488799502475,212.34914401530537,1.0,201.5717092675024,253.48125449507435
4,stat_planar.2.3500E-03.CO.f32,8.0,4.0,99.634697,1.0429539792370902e-05,,,101.88394576525957,164.64381802737665,0.9985,226.6785868079031,241.8708069338284,1.0,191.57276639251256,259.6319283539959
4,stat_planar.2.3500E-03.CO2.f32,8.0,4.0,118.712987,1.1597133742037365e-06,,,101.22578537648151,158.53999230819278,0.9985,225.47126167286723,231.79175301684808,1.0,193.42720156804089,253.72875917451975
4,stat_planar.2.3500E-03.H2O.f32,8.0,4.0,118.372303,1.2061042650569654e-06,,,101.30396180101944,159.64619411112642,0.9986,228.11460236458421,219.91046406889396,1.0,197.8667903345868,249.34741652444913
4,stat_planar.2.3500E-03.O2.f32,8.0,4.0,118.084867,1.2466847727617447e-06,,,97.06229017841378,157.03735125661882,0.9995,229.82907592232405,213.89730941379787,1.0,200.77076484099948,251.0671577221777
4,stat_planar.2.3500E-03.T.f32,8.0,4.0,117.898325,1.273748735750413e-06,,,97.02309710632511,165.40208526525294,0.9985,224.20675502845512,242.14448928991698,1.0,191.75452363662163,257.86523181986985
4,stat_planar.2.3500E-03.U.f32,8.0,4.0,107.701521,4.120253773454092e-06,,,117.62601701355102,192.6226017620577,0.9985,227.30219955626222,241.43640279509808,1.0,192.70933164310227,260.89922598190714
4,stat_planar.2.3500E-03.V.f32,8.0,4.0,95.811463,1.619671254588234e-05,,,129.19643438906792,211.21864616857766,0.9985,226.28424057406198,241.21328783262913,1.0,192.8938922105892,257.5377889771848
4,stat_planar.2.3500E-03.W.f32,8.0,4.0,95.024639,1.773242231718323e-05,,,127.94126227769195,211.55959566711516,0.9985,225.5551371499605,241.2932816270951,1.0,189.55704497143145,256.19569064026143
6,_overall,5.333333333333333,6.0,115.5219501424641,,,,88.18799997093889,148.16008573857258,0.9997420993882106,233.57735439110598,225.85359168916582,1.0,205.4622467931375,258.32630983544345
6,stat_planar.2.3500E-03.CH4.f32,5.333333333333333,6.0,135.342882,1.709447950050254e-07,,,84.39973735629405,131.41399535927494,1.0012,234.69758470769105,210.3521341311073,1.0,206.81252500776003,252.8239626176754
6,stat_planar.2.3500E-03.CO.f32,5.333333333333333,6.0,114.869813,1.8051336943752717e-06,,,87.66722304450997,145.87330531773523,0.9985,228.83188277959053,246.61964102273265,1.0,191.41841753144638,259.83011004931393
6,stat_planar.2.3500E-03.CO2.f32,5.333333333333333,6.0,135.863415,1.6100125227442654e-07,,,88.69061378506885,145.60943013034932,0.9999,239.81402815370552,196.96690888422916,1.0,224.4742168094434,254.1908054144573
6,stat_planar.2.3500E-03.H2O.f32,5.333333333333333,6.0,135.47324,1.6839840652290334e-07,,,88.65115437087081,145.92916764187729,1.0015,242.92059342225647,195.18449855631908,1.0,237.0115269899727,258.3547112317758
6,stat_planar.2.3500E-03.O2.f32,5.333333333333333,6.0,135.132198,1.7514191459722165e-07,,,84.27706407430667,144.9591118151153,1.0026,240.93572131904222,196.07473522211265,1.0,233.18259391561958,255.1646994689915
6,stat_planar.2.3500E-03.T.f32,5.333333333333333,6.0,134.567562,1.8690542842779948e-07,,,84.26073152569464,150.02124290150425,0.9985,228.79410551497082,246.97681713448736,1.0,189.9132808045371,260.82518460049744
6,stat_planar.2.3500E-03.U.f32,5.333333333333333,6.0,122.020644,7.924425305620483e-07,,,87.54318535313635,150.4940140958844,0.9985,227.64815746642722,246.44074450365832,1.0,190.17760941440653,261.2481751544725
6,stat_planar.2.3500E-03.V.f32,5.333333333333333,6.0,110.173832,3.0996197705173434e-06,,,94.37588626521914,159.39967607640156,0.9985,230.0285887382527,247.06697200333087,1.0,187.16450166818387,260.84934085265627
6,stat_planar.2.3500E-03.W.f32,5.333333333333333,6.0,109.357539,3.405046575050135e-06,,,93.8264039633495,159.7408283090109,0.9985,228.52552741801742,246.99987374451499,1.0,189.00554899686787,261.6497991291508
8,_overall,4.0,8.0,128.02637528993338,,,,78.10255120844755,138.55085500584352,1.0024641188341696,239.28283630459526,224.19559173491257,1.0033112582781458,217.8473902918446,258.33354771188556
8,stat_planar.2.3500E-03.CH4.f32,4.0,8.0,149.286846,3.432872829882233e-08,,,76.09892789280276,124.93873610829476,1.0024,237.03179519184997,217.46459534667366,1.0,208.15733805905387,254.35019636776036
8,stat_planar.2.3500E-03.CO.f32,4.0,8.0,127.853125,4.04896259213345e-07,,,79.46072234005246,139.04890267282727,0.9985,231.4231281882288,248.91184212628005,1.0,190.021777525757,256.1404490821408
8,stat_planar.2.3500E-03.CO2.f32,4.0,8.0,150.037203,3.148762137136642e-08,,,80.86775647347314,140.2647894385536,1.0058,251.9463144216706,197.0789461844423,1.01,259.59603304493453,263.2407404750255
8,stat_planar.2.3500E-03.H2O.f32,4.0,8.0,149.649023,3.292674874469113e-08,,,80.85923286351769,139.9733638656358,1.0115,253.64141442457733,193.8497792450425,1.01,262.65098600041244,263.3348228648931
8,stat_planar.2.3500E-03.O2.f32,4.0,8.0,149.027335,3.53698511201137e-08,,,77.07476332467944,141.12269521835205,1.0099,252.24219392994226,196.2649191052152,1.01,260.4497801389214,263.6395629842037
8,stat_planar.2.3500E-03.T.f32,4.0,8.0,148.142986,3.916072432216133e-08,,,76.22114765293811,142.98681117439153,0.9988,238.3447494319784,217.47820474621972,1.0,208.39619033687146,256.24982792785187
8,stat_planar.2.3500E-03.U.f32,4.0,8.0,134.725065,1.8354677108164411e-07,,,76.68240852968636,139.01681455392676,0.9985,230.61580942019802,249.19316527195684,1.0,189.74427309626267,255.65445036462157
8,stat_planar.2.3500E-03.V.f32,4.0,8.0,122.623609,7.392979931541203e-07,,,77.97199159696787,139.64025395460047,0.9985,229.43862305068822,249.00607851414873,1.0,191.05024719523752,255.94335212408276
8,stat_planar.2.3500E-03.W.f32,4.0,8.0,121.755248,8.170292344196138e-07,,,77.6860102019102,139.96532806600928,0.9985,228.86149868222384,248.51279507423408,1.0,190.55988722915052,256.4485272163903
